{"file_hashes":[{"block_hashes":["L2+/zyourlbrCUolvqlD5nG/XXhkYHK0vWVxnPXl2mM="],"block_size":4096,"path":"anulib.js"},{"block_hashes":["CCiNT8wuTyI821HF552xF4e98ABigSSn6cg0w3seP8Q="],"block_size":4096,"path":"common.js"},{"block_hashes":["r6cT8AL96yX2d1cuVPAFfr34e9g+PtLbOafJbLQMIRw="],"block_size":4096,"path":"icons/alert.png"},{"block_hashes":["i8gwRhkSh1mHgEf+XeYpQrO9DcKx1Re1lYUBG5uS16s="],"block_size":4096,"path":"icons/contactus.jpg"},{"block_hashes":["+KqXv46KUf4QYhJo7aEUJwfcrAQDmWXvIojvWqwVlas="],"block_size":4096,"path":"icons/help.png"},{"block_hashes":["eGTYRi4jbohQDCeb3wsHGgqsR4odHnhWdYEq2u4SwLA=","wiMmpCTxbgfqxwjKVsvId3DDWGJpjWEkYJ9UZ0dvuzo=","B0AhmeIGxSRSbRmW3L1cACFJ5OjWazZQ7fo6AtrNo4E="],"block_size":4096,"path":"icons/robot-msg.jpg"},{"block_hashes":["5x2KHj5Ilicxe7H+nchVoD/Le3Yf9uwqYfmBdvPi+28=","GyscfS19Q+MfObZJ6Dnvpn7KkKLHvw6Joo9UjcPhng0=","Q0qEeO/lxSFs8wNkM/IS39IF8qgB40WD2cN+0qkkGwc=","ECqwXZNoKZsY42AAACh2F5hEb/taqVjmg0YfrAjVAtg="],"block_size":4096,"path":"icons/screenshot.jpg"},{"block_hashes":["LjNMavQbdyVjaRpr1O/i65mgJgVn4FlZ8rI35bj8MbY=","I7jBCqMPY8+plJkUHaMS4ViqMIIsjbTJfC5Bq0RBgIw=","u472L0KkhQzw97n3DLlpYKjz5LonDVS6fJ43q8FQEMs=","V/f9jziW71OTLhjlMEhyuDb/VYS+rrYtFRl+eARiGxs=","KS562xXfxz1CNI2qbPfBQ2gf8Cu1DyfxrTg2rj1D5WM=","axRMXs0nMZcIeFZoKkmoFAPqyE42HCCw/G+SYfGj6zg=","2JLxh9x/yIZ3/BYCvdwPrN2rnXg349WgAJPnDjN1nOg=","NBPfhsNwCgu9utP5JMQL10IBKufDqQEu3mVFwBIDgLg=","DpSEyhIhhmg/xmmxqjzln1ULqs90Ziz/RPhMujI9HxY=","zX6bCwPehMLAbJV+FH/Hopk/V8me9/JVYQQtb0UzR1M=","UrROmXNDvmNqt/N5PbjdSAwLe/e4XNXXS9KOvuq+8mM=","/47PMUqMcLq3/E0wUU6z30ETDxe9ZpcK58kT4r95Q1A=","DaPIOvGSjy0yo0vyO91Ch/VBzpX4WthewUGF1igNrIw=","gbp0qQ2Hi6106+HaSCydilPs2pZ8YFuWLKT7XpPVrs4=","5Ezx20Xp3YqGo9Ejg9eYg1dMFBeZBXGmGYJXUKkd9HY=","hmPjxHxBzDP/IDfqrjG0JTfElZ/cP4u8fis2B8B4Jpo=","NaA64kwySBaIV3eShQ9AT0WztFJcj4acyabSZa+rTG4=","l9OSrTfCy7tqo7v4Wf5RvulAquIK3JN/m7Bq5XyA0I0=","Gw/RxhhE35pD6z+9Rir3EzZqlBG5E4nFyGrt+0/8DJ0=","l+wcDDnqIB3yPB69wntZNfEUMptEcQ7TYRg6ZHx2ARw=","0tIm6uR0kjEl1xEGCntlCL5Xj4q2fj5YpD2v0jsOTsM="],"block_size":4096,"path":"jquery-2.1.4.min.js"},{"block_hashes":["St7dAvB2pFvyq/BN7/cIOwdDhmEe/A7iabWpAUQdBoc="],"block_size":4096,"path":"myscript.js"},{"block_hashes":["fWwbk8MgrBK1dL68CAd9Tq81WpYUO3SPURRxwcUVFOE="],"block_size":4096,"path":"options.html"}],"version":2}