{"file_hashes":[{"block_hashes":["tQ9y2AWay+Zx5NM7ikEqvkPAJDBS4gKA0SuQfy2to0Q="],"block_size":4096,"path":"_locales/ar/messages 2.json"},{"block_hashes":["ak0HqkOp8msXxU1ADeOUNWj/li1LDINFw94HNiSOqCo="],"block_size":4096,"path":"_locales/bg/messages 2.json"},{"block_hashes":["6zUoTBmtInGbsaF4zvH3wwfBrc8IpsYiNI0m7f3UheU="],"block_size":4096,"path":"_locales/bn/messages 2.json"},{"block_hashes":["0gIFfktuHPqqux6J//nKGKHIOgL0IBLwsju/pSNsX/4="],"block_size":4096,"path":"_locales/ca/messages 2.json"},{"block_hashes":["LS4G3b5xiPqhLc60NjDtnUZoILI8wdB3rlPvTW4tUsI="],"block_size":4096,"path":"_locales/cs/messages 2.json"},{"block_hashes":["Jga2S1a/lCjbVEo7HuvqK9KKYTNAK+lwyWsn2xDtRF8="],"block_size":4096,"path":"_locales/de/messages 2.json"},{"block_hashes":["EGMP68fMfrt5YV5cQJ2sVjYLQiYvnqMptXzy2l5K0h0="],"block_size":4096,"path":"_locales/el/messages 2.json"},{"block_hashes":["83lhjXwS3jTLBPwm9ppLQhsUWg1e5QCSNF0fNzPkM0c="],"block_size":4096,"path":"_locales/en/messages 2.json"},{"block_hashes":["+9oBeZIjhPFLH01uow16nPxBWtVIOTNeuppAvs1x5yM="],"block_size":4096,"path":"_locales/es/messages 2.json"},{"block_hashes":["U859ouu7VxEAOD9KYF5mxhkxLadsM/AaywhJLTnyNDA="],"block_size":4096,"path":"_locales/et/messages 2.json"},{"block_hashes":["cEGI/H2BIG3IVX4VufEeFz+oFCm9vf2shIQ87potoI8="],"block_size":4096,"path":"_locales/fa/messages 2.json"},{"block_hashes":["w2wX2ZuROZePAmr9j2bnR7YFkrnntGBtFVgNj/WqaOI="],"block_size":4096,"path":"_locales/fi/messages 2.json"},{"block_hashes":["epgU24MnRBCwyT3f9fEpNFlyEvoKiukgJH/F0ky2azE="],"block_size":4096,"path":"_locales/fil/messages 2.json"},{"block_hashes":["Ba+DDeqGt2PgKB7v0X/BQwjpPBV2OYXIaE3dA/RNmUk="],"block_size":4096,"path":"_locales/fr/messages 2.json"},{"block_hashes":["Jiu0EQBhijrNAMmM9mWGBNQ544askMdaF33T4leqaac="],"block_size":4096,"path":"_locales/gu/messages 2.json"},{"block_hashes":["ZYEVYbIJQWrPXL7gCccEWwV1sSxnQYxfna+mg794Lus="],"block_size":4096,"path":"_locales/hi/messages 2.json"},{"block_hashes":["DDQvObiffkybARQV4/tQw8qsLX6SJo0gHfbGdQypVKk="],"block_size":4096,"path":"_locales/hr/messages 2.json"},{"block_hashes":["8v3SSiwsXTe2jiW1FwcorxIJ8/VA52A/7LnucAaQ7LI="],"block_size":4096,"path":"_locales/hu/messages 2.json"},{"block_hashes":["wjI/SQIHvgoYaaWmcYIjwaAbm/Vtyv37RMDbPqwETXs="],"block_size":4096,"path":"_locales/id/messages 2.json"},{"block_hashes":["7LCQQ9oITGHhpM/QUb2aMHwttBtj9gbwDG/KkkhCwGc="],"block_size":4096,"path":"_locales/it/messages 2.json"},{"block_hashes":["9wsuAMW1UFsszGhJRt1inTk+4mnl9Ufdeesey4I6xpI="],"block_size":4096,"path":"_locales/ja/messages 2.json"},{"block_hashes":["GDnggdPLgbNatbPQVtEYajyeGUAK/yxJs83jfUTgVBY="],"block_size":4096,"path":"_locales/kn/messages 2.json"},{"block_hashes":["LPVPvLY67fbAWLnFr0Tsn+/rr46qy5McCZV4ckDVn6k="],"block_size":4096,"path":"_locales/ko/messages 2.json"},{"block_hashes":["Gy6Z8oYyeApbvuE3l0h496yIM+mgy15uWHpT0MEPDEk="],"block_size":4096,"path":"_locales/lt/messages 2.json"},{"block_hashes":["lmYSMBkPQw6tON1Rdp3HkGkvpfdQQnfglqQjB66xpq4="],"block_size":4096,"path":"_locales/lv/messages 2.json"},{"block_hashes":["0McekrWdIlq95UfJbIViShgYAkCIuDxmQydvndD7lSQ="],"block_size":4096,"path":"_locales/ml/messages 2.json"},{"block_hashes":["5glz+l+GD9bHsV24VaALMgoKbzWzaId5hvdcUGT+5+k="],"block_size":4096,"path":"_locales/nl/messages 2.json"},{"block_hashes":["U7ADLSIa0zimwmIqbPsG3zYMRmCknFnRsrZfNFiOMuA="],"block_size":4096,"path":"_locales/no/messages 2.json"},{"block_hashes":["HGWfoy1mmPgVD7nkZdI63Wf6GC5X39+aa6GGb3NZcWA="],"block_size":4096,"path":"_locales/pt/messages 2.json"},{"block_hashes":["gEVdn/G3puKuvjNA2zANq+ZAYHRemNXAZEoQuHMdVo4="],"block_size":4096,"path":"_locales/pt_BR/messages 2.json"},{"block_hashes":["NaMbHA06Y10o4KsnKWMJ0J3XLZMGDjp2Ao8ZmuP6o1c="],"block_size":4096,"path":"_locales/pt_PT/messages 2.json"},{"block_hashes":["mVnQs7+/XUQF8jhRb5I9G8uvHuPdOTr8a2kGU2R+Ego="],"block_size":4096,"path":"_locales/ro/messages 2.json"},{"block_hashes":["lfbYUJgEStAOIQH8xubRdSD3tg6KgWkYWCAmjjovZGo="],"block_size":4096,"path":"_locales/ru/messages 2.json"},{"block_hashes":["au4ibIMwp4LchGbYSK7YAwqJVRmXrYLBrcL/QCoxMWA="],"block_size":4096,"path":"_locales/sk/messages 2.json"},{"block_hashes":["sjFHNAyK5q5ilwbGQiMEsmlbCsb4c1sdiHPlwj7eE0k="],"block_size":4096,"path":"_locales/sl/messages 2.json"},{"block_hashes":["YJCyDcdJiRACHOLvz1XONhx7u3I873OY3/AiiJW4gqg="],"block_size":4096,"path":"_locales/sr/messages 2.json"},{"block_hashes":["864LEL3n+mfAmL6GpGS0kjHCMAjmu8xP/onXRIYtQwI="],"block_size":4096,"path":"_locales/ta/messages 2.json"},{"block_hashes":["d6a5QaevSarrFzfwAPsZv2/5Gyngj34GxvMj/THgnqI="],"block_size":4096,"path":"_locales/te/messages 2.json"},{"block_hashes":["KZ8BCDQkNOIkAgSCrFq03/t/IN6bYPCGHvrL7yg6uQY="],"block_size":4096,"path":"_locales/th/messages 2.json"},{"block_hashes":["Pn3MHZZFg5lNqzl09jJSTNRKYc2xErEhAbL/Eoimeqs="],"block_size":4096,"path":"_locales/tr/messages 2.json"},{"block_hashes":["mqbvSTGHADln633ghsRemrEHZagVN669Eqf1nISCiJg="],"block_size":4096,"path":"_locales/uk/messages 2.json"},{"block_hashes":["IHYPbrcJ7xt/E4lTdeCPjaxAmzC7xKsuWhvz6Of2ur8="],"block_size":4096,"path":"_locales/zh_CN/messages 2.json"},{"block_hashes":["O6YzWB6kUxsFooLT7Wbo7AD7W0hi6SkHtZNrVfyU190="],"block_size":4096,"path":"_locales/zh_TW/messages 2.json"},{"block_hashes":["DjC3I4WhblptBBvD0eQnjJxAKttNPonbStkz8rxRy5c=","/cZYfTXKdNHUYZ9Ms6kI1YnXfQYRX6VKp7yJ0nTsQ00="],"block_size":4096,"path":"images/icon-128 2.png"},{"block_hashes":["6bm7SVbRCSc8lIQlcbMdLfFz70/kFbwwpQISnqG4pCo="],"block_size":4096,"path":"images/icon-16 2.png"},{"block_hashes":["TVOw/gDhwwz0dYjwySASpM8w34KwifMmf+xF6I4r48I="],"block_size":4096,"path":"images/icon-19 2.png"},{"block_hashes":["z+FNzDMXLGMClN1inTQ/VxoFGgVOj3XTEG+FrPWKE1A="],"block_size":4096,"path":"images/icon-19-disabled 2.png"},{"block_hashes":["z+FNzDMXLGMClN1inTQ/VxoFGgVOj3XTEG+FrPWKE1A="],"block_size":4096,"path":"images/icon-19-disabled.png"},{"block_hashes":["5qTeASf85qr/GD//JckUMXEywv7blhxFIsJof6jyAwU="],"block_size":4096,"path":"images/icon-32 2.png"},{"block_hashes":["5qTeASf85qr/GD//JckUMXEywv7blhxFIsJof6jyAwU="],"block_size":4096,"path":"images/icon-32.png"},{"block_hashes":["pIIiIupYYCkjJMuEAmX1iNG6rEwi6AYNLwhTD+O3WB4="],"block_size":4096,"path":"images/icon-38 2.png"},{"block_hashes":["bMmqS3VhOJ4z3jdpYr3iyVxr4nQe4+FumCrvNPxYqZE="],"block_size":4096,"path":"images/icon-38-disabled 2.png"},{"block_hashes":["bMmqS3VhOJ4z3jdpYr3iyVxr4nQe4+FumCrvNPxYqZE="],"block_size":4096,"path":"images/icon-38-disabled.png"},{"block_hashes":["7h7XxRHKZ4sxGaODaMY8t70Bz92aH6XtY/B46oA1yzw="],"block_size":4096,"path":"images/icon-48 2.png"},{"block_hashes":["7h7XxRHKZ4sxGaODaMY8t70Bz92aH6XtY/B46oA1yzw="],"block_size":4096,"path":"images/icon-48.png"},{"block_hashes":["lEF37sZdDMlVAgcS/IX7Z3+G09VSGMx9DrqbDiL0S34="],"block_size":4096,"path":"pages/background.html"},{"block_hashes":["dBJYu9YI+LwoHJc5YWLwJsSlfhmt3U2dQ7AuCacvDyk="],"block_size":4096,"path":"pages/popup.html"},{"block_hashes":["9PIv5+/J7uTL3C9usMjV68LTgBHJOh3kudfC3K5eSgs=","LhFsi6EIDI3qGTHPT8ye1pAQSNiRHxQ4vB+c5G+0iBY="],"block_size":4096,"path":"scripts/background 2.js"},{"block_hashes":["GuU9ks8HRgzARv6FDIHkr34+5taxVUtfT0mpLdp1xXE=","YrJiMrEeqrJi9Y78Kat6eNBudZgSMps8kmC3u4D0uUY="],"block_size":4096,"path":"scripts/background.js"},{"block_hashes":["YGI178mr1mz/UXccen9b1PHqNy7/BxZB/99sJC22W1g=","ndMupTd5EkR8tM5EgqLfUh5LbiR41TnB3vBiDUhy8ZA=","2Sw1P8Qk7E4zQtnhesGkEIEPA7kEA1t2+UzKhpVR+90=","CyLE1dFdzbBaHi83Ms3LoyAd9SMUeK1N4ZM6CRig/gw="],"block_size":4096,"path":"scripts/contentscript 2.js"},{"block_hashes":["t6MOLcYlviwuXeF1679gIPC9xmcnaITSZh1S40Bcb3A=","6AMel31io2NZC7C9V0gQbAyTJ6hYr4WO45JGhEM09Sc=","+ixSkCuMI8nMbfUyu9kHefEqLwLV5P994AtLwKWDsjc=","Kl1N1/AXGYgFosClhT9/MDLlA4BjEyi364EleSIuPuA="],"block_size":4096,"path":"scripts/contentscript.js"},{"block_hashes":["57/dODMUchH9BqTOq3/nJbO+lVOE1MadTTSaOwloK2U="],"block_size":4096,"path":"scripts/popup 2.js"},{"block_hashes":["nZOxY7OcsqiC18Btrzy8zEv+FmcN9qIiVONj252QGMg="],"block_size":4096,"path":"scripts/popup.js"},{"block_hashes":["Npzfvg58EpVGjuOQgtm5ATKGLE9yRSuixcQFaoptX40=","Fg8p3kWB0kVIp2AuH4Z04BRaasyKl/CKosTnsrkgGes=","J5ErbNqu0qmnjTe2+dMvFqCWfIvLoD/ivRmlHr/nahE=","5eA4tDSm7YE2xaJl62y2qorFPaemyxph+idSohPbynM=","zStEgF74CjUm20NPKK+JdDuNDAUzxGffnINvmHSU9ys=","zAsU1XK1TxlbeVeJ+4Zhvi+sbfUW85uA8yZcaYIPqSI=","WAcEbur0cA6IdNcC01YmQWONa2LZLPwAbpX92ikaseo=","DdNzHZkAId74rA13636aVjoL4MyYcqtsBAesOHpbKFs=","6wQM0qnXs0RyYdhdkkUGuc5Zf+2UnZirK/DCOW3Ay4E=","OASK38nyYzGjat9ChInNBJ7A2d7bem4fGzbooZh7knc=","EyQ+67f0Mj/9RS4dcEw4msJ/rIxQl+xSpAXGnBLsA1I=","OMpAy+4sBE1I46VPfxrmDSJ8Ka/5mULvSP4t2q7bA7Y=","phWyRl3RjOlfIgEEtHm4CmkF4bbqpTbpOFeRR0QD+UY=","qiAed4U2s+pv8Ha8BKReSiw7Xg01nHPiGo1Xw+h5Gfs=","U5YI/COjc8wVtIsRarnikWWvhyISvb8B6El9AOcpQ6Y=","YGDJpW3qpdUxptqtAov4InMlKt2FmfDmCmmzgRHHp3k=","Uq+xxZKRWRVqwiHGzULrW2r4x2XzhPg32QzFj7Xrwm0=","L8nWREA+oiHOFBj5TZRdz+JpLofcmM16+bGbAa46Mx4=","IPKT3kmPw0tNiTmoEjWE9HI7LeV34C+a+rBsU3s1A9g=","2A5nnG7UEX5NPC5XrEmJuLe22L7jDE3EO8Px+dHzaDc=","F2sVE25aJPG3ySro5Ag4T11/83/eeuwvp/nSEUC6/dY=","MIV6tgDgFss/8IVFRyYlrPTrRCNcFSw7+I75HZVf6yU=","wfpEgvA4AhtY9TQRWeLr7ZKC+B4PheM4Xfm1hnd0W2A=","1iu4jdX8LiDdEvwldesgZr5ivo8PzPdNZ71PPXA+g+g=","NP4R3kqzUR0SRFSrPaliFoDHxu1nLAIvzh+LfRkGswo=","AheD5eejK7zlB2mgvhbgp3b5ADXLsUmUrD3pgEiM0bE=","Z/n4P7CDfO/IktsFp2TMAqZNW89O21PXODK7aVoLlRc=","wHk8oxz7K5lTSnMySreZEmZBbvbemN6nB69XXmmqV+w=","QIxF1is8gbzBgmAp95gwdBXq7CsDNSejCD4/2TfuhCA=","swF0mynr0v+7pGaTCnALMrPC2d8oTXK2X2ip+Md5SBQ=","APIuHYGuJFZp1Om0UO1ESvIbj1cB1KbMxZumiJoBS/o=","G9Pp/H8ACnwo6vA5lHvzfo4hf7Y3vZ5zn4SX7QgQM9E=","0HlNo730YOI+YIqOaBnJen/N3XRkQ49gu9GgO89kW+k=","hir7aNnPf4zbJcf76CIODf83kzNsuTCSsXb4eG+xrR4=","2nP1bDKt4k37RnQDbQyMIWkjFHO0Nlzut3ZratancCg=","WS/DgsrCRuKEDidsZe9fo3yVe7m25ghW0Io1RPxY5Fo=","Ns+6NI/x9iZExyxq+mBI+lKDRQbsgBRkfEZ6XpPYfiM=","vh6pmIzaKjCmGU1IUpAkRHL1AIzN/Y2/lYbPgBYU2OQ=","i3GqbXiRIuUhFrKGNcMlJxDS8Kt1VWY36YvHuRvXjUQ=","2uUk/+VnOYuJH/huCtHpj7zMQbf8Wm++o2HHESC0COA=","yWRgVrAm9n09nmcL5Mv2NiUGSWh3aImvd/wbgltrnYg=","a0aEMexsdBvSeFSTryJrBGj2V6ys1WcYfZjXeXbg+AU=","mR4w/TDE9xGs7OfeLDVroMWFNa6ZE84ZRpnaxJCKV18=","SPYLY0OEtWob/nScTHise+P7dz461uYT9tUXEbPFAhY=","XyjEcD6UkkZxx+ooVhr5X9dGdvyLZLqwLYbPXEkBzII=","FpyTyhUA2fvOVL1GF7WLb9hk4R86vdE7M6IsUBL/aL8=","aYZo6Irn7ilfEXCWhS54d459CWrvg6ciAtYRx5zO9zE=","WcZLRdJjpLdiKwnibyb4Jgc/Hx0P5V/VpXQY6bnbc+8=","uc0tJePm/rT8aNZBjFgEbyzDv+0/5CnwQSQFEQaZIVs=","WzN2URQU1XVq0xQ/BKgHeebcKsXWy3PdnuhQj77yxIo=","BL/ToP9CK+G0bnbGBwowWJkA7pzOBj5IZz/8w/Jxyy8="],"block_size":4096,"path":"scripts/unistream.chrome.mv2.v3.0.0.sdk.js"},{"block_hashes":["lemcwn7AFhD5pyqUEljNYvw8lyKUWgAz74eQXTorkiY="],"block_size":4096,"path":"styles/popup.css"}],"version":2}