{"file_hashes":[{"block_hashes":["WBE7M/N8ABi6gtcjRORq/OwkUbFOxLa9TSw7tLXmAeI="],"block_size":4096,"path":"css/content.css"},{"block_hashes":["EZzOFsvKvGCAe57+TS3tV7dqmYA5HAcpU1VmSzPkBVQ="],"block_size":4096,"path":"js/content.js"},{"block_hashes":["KGDxOYH0WQ+2U2PmltmHlDR5gWYz6bxBA8+XWl+T65M="],"block_size":4096,"path":"js/contentHelper.js"},{"block_hashes":["96YMIWHW3B7QlDL+f7HQTslOWpccULxGquD3GzeNxng=","w5T6iZjHPFOy4RRpF6axH19YoyNmxth/eh0/95wyNoI=","amdOunuBPk4/7TlVP8rHiIlZumcrBh+2LdFys+bPtpc=","QVmIi5zkv7UGRTuy1b1keRmYATaBLa3JX2mpWTHoHmA=","nSQSnTd2A0BLAQdOd8s2Udlvs92D2wrVm7aay1Dedy4=","F11hFQ3Dhv2h6Qzf6jtFZZ2pcMv5zd8/QJeIOjRZWMw=","ShtS5msJX2Go4IhjgBDQwUBtAQk4WJOZLRJ5PD8c6O0=","r/ZWxcGNkN80xf/1i5KwtvvoFIgk8pUVknpLa/sUcpQ=","mggkcYFufxJbIquVwjUGRzy8ZaHTprtUJ7BwSV+Bimg=","wXIAHr9JaEzlP6buEZo4Fm3J0dyBd33/EHdlqoFRovw=","ovbpVikNTotkTDeq4EJhhn8YGjDQOaxKY8lPeSLHQGw=","pnJshpWNVHkU3lHTjHFz0gssTPCUfrTcBSe0sUcIlVI=","rJyQahhZZQ8oPMV3o10tt26p7+apm163+zfmXYJ2I1I=","kAPzFVgDjMka5ZnTTrbzNyLHDADzoyQguyDAfQYSv0M=","mdnIXFDLyDxfhpM2muzhu/3qyz2fXX1J7CRvxVUNrag=","OxtEK4tCLXJ4fgBRRe3zYmeYy+Y3b81Rwr/To63KY0A=","YB1GlbH4603R0Om1+m+8PBsXRPnYgKZos2zDeeInRNY=","HQYA0gbE7DddIdHM49HVDR74t4wbcGe8qngQm6ZRDvo=","yH+ElPFjSsZJIkorn67cZ6fNjGrf15yi6hBC25tHRvw=","fA18y+PyXyfcb0oA+PcY5DZQtda3AZ/2UpExHxTHeLg=","3YkD/fu8+YRnziLTAiIzyG6PUU2Koip/9d86mErtoGo=","8ff8OdcPo+oc4q8XJgJOdISwVIKpEw3GyM0jOHe9nbE=","62FR7KsRSv3zHuf4gB30Ms+LTFYkJeitLtBlvzLssVY=","47glsJui6qsowmOaej0RKax8FPQmJfLGO+U8aiInc7w=","VmCs7YyRCJClwwsM543m9Q2WwaHEeRWRRyNoQdrsPgA=","Gj4g7H/8aTfB23CymlJAUECEoZi8MlYmHSNLf5H7ngA=","8Q0rjxDORCWcUiKnD5GA2AEb2DO4JXP1yQ4R5VmhD3Y=","nufYd8cwUIh89bys39Wz1bFIlzPi49d8N5o5wclwrqI=","bqPyHgmrmsS4ntwhR+GztbUUCzyP7EcvEbX4BQx4tbo=","zEu/SiK2Aft/PyQLBnDClGtZ1e3BOrVDNYJLiUzpsds=","uBNUEOlR73azugDH4inY1y79etk/aVQ3hF7QuJKzssw=","dT2H2RaqZtGOJWn1d3rfuTvOEwJA6ekCXf/Oi01MRi0=","lDfLQ+Em6moVSw0oEqRd1HLWZJ1EM5EEFpLWI0POFH4=","qBkNgc6KGzc/KjFKtafPcgsL5LzHnrABWmVOT0+89zY=","0u3dP2mRxZL3Xk0fm6FAXHUe5XciiGHJgpKZajyqLcM=","tr/IKuZFhj8Fd+t8ASKuzOCoyXv4mc0XPT9ASvGCE1w=","SrC+3eW2VFiCP1Yg6zfX1SANkdZ4Xyca1QrpIO6RAY8=","JFKqEVo+SBq8PcOHAAOeg6T548CaGpdEXL4t1aPDOHk=","pcjcFLhR2MokD4Ji2qx/M4b01Q9fGj5DZO6gNkqow3c=","14q4WJegLKS3W/xGbdA/Zs/WuV2cv3b7ymC1FG917kA=","KFKNgGwDoFoM/qKRAjwpzW+bpUm5Q8SA0/LB8oatINE=","afEQB1WVPK47JWQhJCuUWtveGrbc26/F09zCC2+r308=","ER5NoFNpmyJqr78B+WQd3tZu0dmRYv/JM25KrRZcrE4=","Kmm5ltfhJWL98qc6LtYUjLArkzjJ47HwhrbK0y/awHI=","udrSMOdCZgGtSfIA8+cPYCYT0vutRpaLqxqPFYrtz80=","9FZ7jM7vyyRgnOEpHuFlQYE/ajEB0C80zvbd/E/sCBE=","5CYf1HtsJ5s8BKXaxiItJqemHERmdjXGcbYA3Te2JqI=","QQorYPa3o2rcO9i0g0t4TNZwhtR5Sm4a48ZNmFgo6XU=","poX1Ajy9Rj6nM/zqaUryxKKYMFYZCP8WinFyeU3h1RE=","nb0uQAYRw4RzbiwfCa9AO7SEZSJxGFhISf1QmqL/o8U=","s9NMwD8pOf0iM8NdaKy2gsP2QjgcPmGDJHgbeLsRPec=","glIklY822J+sTP8o6DeFXdWePNvdNDIjukXZ8MYeQb4=","hKmxAJlUVfoD/+cvt9nJ1qw1U7XzPO9NO4NJZtAnd4o=","7gFfUTUU0gH86/KTTDwRmwe1+M+f/xaE9/pYpRrGFYw=","5ituntwmEHlNU9U5hQe7Wb6xrJxkI830QdttD8/b6B0=","p/ix06S3W/VzcfAAmpbJz8VsdStg1WWZS52b1I2Xwsc=","34MiQU+lPIG1jj4eBfzBfCJ1mv6l0S7fWhzuo1Tpl3s=","PNGD9ukM7yrM1PFU3OKEunDhdrY0OrG//R8inaqmpmw=","sE3qk53GGcIWlefSukqAEpucrofcLeIKvBtY/vYhGo0=","nw9AVIuRZvWNpjn9BxCd/qhxDny6ThQgKPy1NIOaZes=","KQRl9AllXt0UlN+Nu+oe57T8Z4IXBrAd0xN1MNbEaoA=","A+54q3lbUNx7zY+lvqvGCb6N6dmbLx4IAdl5efYQ6N0=","bGIJYi0K01mw0FYKmmBsXXv0RWHoXqmAd+9mV91Az5Y=","KG80MwBlPYGS1TSumenWnIUvIpy+XAzEB7H5KllWKfs=","Yv300ZqMbjxscD7iksMFRKxmy4p0hkFOppzHXPVQyW8=","emTl99eMuF1/yF3tbvq3EZewXr3nd/fD33t+nRSZR4w=","/VWq+Gt09jFRT0G7zyZiR0UOzksMVz6oNrdcAtsn528=","cZ0X9LmF9ZsfqqvXd2cPd6+tSdkNwojGuE/OdO6+4oc=","0r3JL2NXxOjuvZUi8LMrapKfPhbGBIo18kjkixmVXjc=","bfroFR61Dh9ICJfY3ZutKKSpxTaipYRSQmr41aN/ajI=","eUA6YKFQ3FZSg9voZO5rUIVG4LanRwSrGReAGNtQk1Y=","y2uqKZIIN8BD8keWICp5D3A75FgXrmYPu9ztMrZgw/I=","zQnPEM4y8KEbf5Tz72RS1/kzJv+bWa/sZI2GykLksfU=","M1QeFRntiIxsaREDkdQjpj+cl8ZSfpDGkRQyvoAUg6g=","A8agFyuIUBucR4wjoSdjm1LGt7Zcib00LKYtsx5g3rY=","//MsAw1ahKEddbZnjmGXNvcB5NHp4BXPEd0I5HF898Y=","d6GpEOQyyn5T+qVhrR7IgLxM8oYakXW1U2jU43QAjtM=","3/JpBiPJgtcDA+G4LzIBkUCc893xkP23SKi8KIPImNU=","BTx71K/wQ3FSagKuUeesRNEg0DCG8fIUM1TvfcKDB44=","WsO6ZDpOjVhIQwbVseMPdyZem1q73xC8msVNAoBCWz0=","6+K0JaB3GPMcI41BQokoJICsNs1JZ0BxRQ7yrwrKpSU=","7Y8ExrYwqx4Fv+flK4hmdnFVD4arEYBM+epjGh6ALIg=","H04OPxYlnMzaEXsjhooSuFsQpHney3De8Gj9GGaCD4Y=","FVWrPDReE9rXi3R26yMO0F055WhQ7uxO9qIS9Ei0Csc=","u6kARLWKkc68nlxKIbNs/WCYl0JasREAFx2++b2h0gU=","qSw63gVH6E5MLduMJQt/etz36nVA69uufXa9+7T5glU=","lrLDLL98eBM9RFmtxcIUsdu6PxZJBGrnYn6Plofdf18=","LAC/zmw6h9N2SwNpB7s2++F6WeIRPpFfIODSHbXREnk=","k99uzXFL7r0V42Qvlozx7NSFOYKb6XRggZ99mOGAKEA=","YnBtaObnruuF+7iM3tqpQbJSkvPN97KTMufP2KVCCKE=","1BaUpYtkeHpa2q3JJEsaS6FP3E2+sSub8F8YbZHfgeU=","zhovJHCe8IRhhWdn8KJxaxCjU6NTaaDCabdMa3yD/QE=","EOHGczlyhgsDg9bbJ0TsTXjR2odKP8Vpp5ZZmm63JBs=","Y0HrlU8HkIY/VaN/Yj5VsWw68SdF2L2adUoxXQJIc6Y=","KmR/3WpiLHs03NPi+t/Z6u6xyHRyNg9t1V28dJ9x7Dc=","XDy5Noide7WrJjkb5oBAZREF1olHq2aLRav2389r+G4=","Dr6ff1wKkWVPi0pEjoCQS0kRCV/G45QUp0HaGfv4Z6E=","wAM3oaigC9tl4Mmpk95Xg2wzqbnYa1FLK1Mn98vZk1g=","DmgpHhJDQ2H203MOteb4mzgsJhhFaQtxbg7I/n9NdLs=","epPZBXigfKM47Pea0o98M1y5P5Cc4YDCaZz+YqefOTQ=","px/+yN4Q4aXx55lTQnYchF9aar8Q0PmYfJQTw55lyDo=","iX36VkaT6IwUzzg3L0xeUrU2MjkNElWxgo0Zbd4162c=","zU8GBs+iXnh+aOjJo6ZVhrOJx4V4uy1L0lQbNEd9qNA=","nerszAfDaB2OxEcLB4kIl7WdiulFsczQUyzd45z5e2Q=","3bOUhpdKqWvsUGgnd45c4XBKm4xeW34Q2xcrSFLSShg=","K6iFR/NPjiOEs6dZbMsM4bTkXa1Eme6O6bfQ19krL8A=","vsiTBg5+6hUOSbz3wxct4dQXEgPUMfvvkEWo0/8YX7c=","RoeZLM7tOGGVQ4iTpZoQKKk8EqyqpEwGte0+QLq8zcM=","V1MMj+CvYIw5pBLnsJtGS8RuWW97Ff1/2Gzwe3/LOAs=","W7n/UD8kQ/TDpFi5uVPa+wbfCD9NATXY6YA7KKA+zZk=","v7Xpbl9zDcmPvMtUcI+uodFGp+rO9+ifSjjjrSD3os0=","07Cb1+xeCE2qmrdKq2uykchBztBXogJDQ1dI7AbfKj0=","btP1gIJPJAof+q3sdNmXfX7/Q8FODOhezJBIF5uNpLk=","YpwdYSkUT+aOqYEz7CwJiu3YF7nKqNBYhq04ZgOUHx4=","w11Y90k8VZdnmEsVvnU+rK2UqkCLr1ZhNSo0DYZ9eL8=","cHQJPScxdzEkbMF+pAh9yXBjtzUsvEOIj4HdkXOMCnA=","gF7vDoWRVvqtwbPXGdLYq0jE8/FYCodsGS3WmQk3kZ4=","uSnpcNLPZt9OiPmMdLMlxPlMfZP8rrC8aep03sAI1Z0=","7CC/cQyOkirjCISd6VYlnEZcnF6aRPPHZBaPVeURFBY=","Nf21mvOWqGD+6PZ+s6CmCmw23vHsmjmLAp4BGPq/74M=","F7jiJAxtpoHkEVOgxkie2pym52pZnepEXjVU0PqJHbk=","hgoQOl0DqX+XrOf45RnSuJKIe09vhmTpNgDwpR3NAVQ=","Bi8zFzkRbVDWsEFtjVoOWH8A2GJA+/fwhmodpZvGuUI=","c4RO29sIpn0tz2MmjpKL3/5iPhaOG7JKSFyBzKdTPtE=","FPKLS/wUvjggBgGlV7MdCG7ntMvYLiCzLy0cEKz5T5s=","sXwKrs7n/R62VfW2Hp796Ej204sFUSHLfX4VA60BcHw=","n1s4lQDe5PmkMAE2fqxwAR8Hbx1KTI9k7Xw2KD5y/WI=","8QeSE/GRYbwzz7jVcO4frgU14cFJm3sNv1loJkFWmkI=","+kLstk5xHr/urKaLUhfn2c5HFUwGNI32ssR2gHlYuNU=","jlfOYtcfCbRBFDTza8QE0clSSfYUw9YPYbnklHSd9GQ=","lhhvhE+R5W6UI/OQSEdWs0BntCQeLlUODZpyHiUlxyo=","4ZpVuJyFlFEKxSmovAjAVVJvwTAGh4u0nzoOqoAOhuQ=","PmxVtAm2nvVkmLmzhKLhGo+O0EA14oD9lOPXJdZauU8=","OIxbU0eEc4F6tXmwOWUyR3LiV+5kAdFO+Ez/zmJhNqY=","UUjsJA5dUuzW6FydEtfGG3DjXGWd8o+D+dvyymPPWC4=","nkDb73qFIyQk+38GDhYLZBMWV9YEim7oqKx2jTVLkzs=","Py0b4mvD3ot+zHnXRmG3SQ0bi5vNt9GF52WFhtDkOFo=","375wXd2PwSVaePM+oyOGJo0Xs4r8AaCYKXqoQt0FjNM=","rJ4CHA/5KJPqhCkVUlb3C3Pnenm0vXmxOmWCHEVOess=","3ARR1pcg6fAMCPWrP3txHnVrTl+SvFV4isbipVtRwFc=","dXU/t0xOPgz0h+trrr7AOFW9IdlwUg9FzQi+KU8nNSM=","tcRI9dwfUYk1+Om6meY54IEcQKPT/jHl5A5axlRXREk=","KVGGPxUSTqTapLkXCc4AoLusA/cukeiTG1Lw3muD/RI=","s4EbeQ/913i/dGWWLWJ07ol/92W+AlX5XqbO9xMea2M=","rb1ysNfPT0WBVyChpC2M4HWJKT+dOUOnnY1I+pSqo/s=","6/jGLPuyyPFyGGO/NERrLbSomnkOKQXKut8dSS8aIe0=","G1B6o1tTNDvDcIJsk5IAJuibcT3UM6LKYkBUEp6kjcc=","sgM67UfK8cOOg/aZO3s4nwePzARUoYgIkds3nVIMLs0=","NhhnjYzaTgarTNROLYINA5qmbau2jVMrodmOh+m5YxA=","/H7RP0aPTBtnXlF8pmIirRBlrXmlGt54A6CP45VPU4A=","gyK3zMcz/99V+077CzZ6A4l0/6vMI23JcOncwlNBD10=","Fuo6Xoe14kl6KyC3JSOwRgIt3g4yYMFU0J/a1hbxgh0=","pLw5Iqacbh3h1gdcawmnEe+J+F3m10Gf5lvFH2g93o4=","twC3VTX5wVYdM1qBrr/yOSdie/YcMqwD7WvzYD5cqCc=","OxiUrqbLkuhDUgrwaTkDq9hskOpeFjo3kcuPQAuGNsI=","in5gmtMjU7KjN8Sz7QR1RUU0tVqoEEWfaUO9Lv8gJYU=","EGzTHpgmiB0DiiWFmXVHKlD2ChhR5nFfNeGLUiP2cPA=","JqiqBzIZm6I/mWB2VioU8Z8qiTL9LAJ7zQXwo7hnAcw=","qCWv59rT8qlo/qyEKllpiAsdFb7ezf+5NavZu1uqn5s=","mByA55E3GR8OkIZsLC8S6G+FkaLEYusQYeKahExTZB0=","sRev7FFAqNnd0lCSUMZ6THWmSMgiBKgerwt9cvg1kCw=","YHAUrVqfTux5oD9T5+AafvKq+XNh4NL9EE5WLcT2py4=","hYnLFroK1UVnVEZd9C8jHYNGMxkjR/lin7MkqOo+nCg=","AANdvPXEYtH1+7B9wSsR77DdyqEN63SDaCRbPItjBJU=","dKyv9//mRTia6wQXUwopdUzAi2/IAkB51Gl1o9Ii7nQ=","fduGiVaLPIwY5+6zj1/9ov9XZLn6lEQcXQDTJpXU+WU=","zZLjCPpprhwU3BUrVEMeJxh2ysfvYoPW5+Xw4tHtwyU=","zC80oHnhhB4pXhiDBvtr1vlc6n9f4EM1/lTdS4DRMNM=","8Hu6c/two+8nNDOFLgHYJyp+9v0Sh/FGPLidEAIqQ+g=","dJNwoGv7V0ZrqD5rcGVXY6pbshK7trKxuiH4GD0+Ay4=","dwmg6Y59jDOO7herFOUIOu2JgwDHBURnkrpsJzg1Kqs=","X5VnFHeJKUE/WDObXt5jDzym1wUbpxeL1L0/cGzNwWU=","eVWAbf5zOh+KqJX0XySZSJoNRKgBi5t2mKrDYjO0n+Y=","zC051Dl5x2Yp0vfO2VsaSIew6TiM/q7u94E8B1u5sYI=","/7NGyhiKSlPZG+vhp94bB916R7rCxVh0DQ55nf4xDak=","Dac6MidtR/7fMXu2KoYELUbEpIUI2MTOMTHP0J3bWSk=","3lKlKt3pJavt3dJdGOReQDZ0qBUc9sOB2zk3WUYgBwo=","hbOIBVRxmGf65MtEAYEkI4aep7Le4W4exSCrITVJzqc=","a7vEdDrpodA5/PiD5mhy2aAtcITrZ6Pik5jKlbyhCVQ=","DAtV0f2j5O1tL/V5NPuyWqsSdhgCzh2qO6U5/T3YWAQ=","ipzsuZwe2b4SVSfN/7WES0x1Lh/L9Gd8A5X0wEr3Kmg=","mnfwTAH3yXGxwCzbr1eb0y2sOe4ACtFZzJ0xjP3jOo8=","ejphAFUeCRRdyFePoZ7lYLX8VmDmSsHi4UACrkCvI4w=","+UMUqIPStq2CQUoHWERmr+1txUowbiahU3dHUe+1flI=","k2h1A1DI58AzHOTirRxZGXQLxlBkm/OVB9SXnheEDtA=","w44zJUW05xoy0rvwULPGP1FOwqhB/htetLR9FLDBBJU=","O0BIP9vuowhu/oqfW9VC9z1yd0qCv+K+zlWTm2qkirc=","Ded65Mwd7PRrmNN3OX4MB2JK3ER95ulgQE8yAUhqJv0=","TRfucozzm/pffNU458Ip4OmjZMEdDjk7BK/mwzWO2L4=","6kx7+AJlOrZdf007cdqOA8hAlmNkfYJGLVwmCPfjAHE=","BNtQjvoejv7NHea4XDLkT4jy+Z07orch9w4j8weWd+4=","DQEt/dQHm61rHdHVE0U148dNG7lqrSaAvX183MI8QzQ=","SjaAryDEs5H7XpCkuy2LskLro9hC21YMEFTisWzKKwQ=","PZGq6IEPdNWWrBND/RkutWdAkfbM1Pzsvrf31izsbg4=","zVu/6hrgfvcGKo+bE1Gmx0LDekptoDmX3MqsNdsta68=","GIw78M+IRz5BgIqb0DrH/qKC1shfNMwCXIj28uKdIu0=","MrdM/Ga27ewBoGfUbTwwmHnxneTq7DjxYEO4nM5eSy8=","1j2EHAPId+rpHXPg23zp1Fwv/Kci21G/J/Hp6O2NB+4=","gMelvPeOc6rOPve3qiEzvKST9/49dnC2ngzznpx5uRA=","hr/KMt5hvmbGuvSN8MRbk9U2FCVqUmSxYC+JEZ7AIZE=","HlVfGn6E/6gEaFN4hEJg1OaI065xGZw3DCD/1C1pkp4=","qUXEu4yv3R/C3JWOFxX+8IMNgnnJGLwDeINQ0mvddNw=","F6upWpEeCzeZMAh4qPQaGVkXscaP0n4ptbKfUmOC+W0=","qDXx5JRs1kwsV3BYjyo3X117+BiQDq6ZYR6GwkxoNY4=","XskVsEu4cV0WIIH5/cOqcSorEcZwnNLIIhwBviQyHxo=","DHWBo2xtDp1gXjHOyqWkkEQm5oqn6kO2jTC7kvgraO4=","d7JlfZbyV6IpI9M2jZed43itVIiyMN0ARDeTvwusvrE=","6Lw1w5l6qB+Lwsskd94A2FE2Gpr4BLTQQRqxIYji1R4=","epHF8jpy+BPFXglhiXulpX4sxMSGLNGGwUOQ2Xv9g9Y=","rN3UNRtEFDkpIaWDs5TuOsHBerVi5VQoZ3ZaC2/90Mg=","zjT6Udz8aEkbO9jH7OMINPFe2SeVjRKn0WC3oenj3mk=","HmmrVkfrx7/NS7ZJavjDNK/i1NmWB7MmwNZO8k8Bo+A=","AlN4T+RwazbThAKjKpowB8ack2i6T2O6PfO5/i7I0Nk=","7jce1DAUbiDuPwv4dCCzqqN4nkTrbdJ9rjlVJH8OL0g=","DFEPXizvElwv37V71291iCTgOW7O7b5HdzqWe2YNgHA=","PNvQokCHYLgh9wITfHgGj9euhgiHmcqqHj34b76mEz4=","4+1YxbT3LTE2hOjOXjz4k3/1F03sd5y3abZnm2QHxs4=","rOfLsEzEtfA2NBib1BJfWwg5Hdv6JY/m708hsJ+DufE=","QXGt87aRZ/KMoEWNPn4pI0YzQHKFe+M2ia3tw0YA4fI=","l1Pbkd+Ul1Pu63yVAOKJJ9d8MPeYOoFmqke5ZA91vS0=","NNDG5hVwfoM6cgtKBkLcYEPdKX8SNN7H+2p7eqHTrLA=","ja9bfEW3DASl5IFDITyQgUqrJRWsH6KjCLhPiorAC18=","6dcxdOeMSHyYe4w5AWVbOz8xqHNeCyB75a2mwYZGcfk=","VxeV4sP7s2uxJVouTkXR5HuMV9GRP31qHo2KZ7amXu0=","KV45KXz0NFAOPx2TlsDQMquwXfSYgUbbFtoYFj70Q5s=","aqYpAw1hh22qJ2DZHqOuklbNRTz5tvNi45nbAoc23r0=","ChMp0vTasAGCG5tIDtmOaKAb60r+ZUjRM5KZb0vAMt8=","f/vfHg/ZhPnYR8juJsc5jMC22socrPWZpPjjL+Nj8SY=","hgJS4S78TyLL9CWU39Lbz9C8DWuxAsQxQEvFWy9uTAE=","Apuh4IUJqF4KOmnv1I4K2Gn6hDUDqFJXuMvlh0cVJIY=","xm/1xyoNUj7bvGrAUAAwFH2Gy2BIDmcJfrFQtjyu4Dk=","uCBBkqRR0zSeN4zFAzGKl2t/PvUEgOfmJ5/BJTzoBms=","myX+LpPbtNiMKrZpZeEGyR5kJ3dI98NKqO1lkfMBlNc=","P43oC0JMnZ+WuI4zXolQJ3iLkeYVsMcvEXssFipe/sc=","IVmS0QI45FPVIXsD16N8SKQHkRk1skY43N8V+JSjLLw=","cRMlpvnPzbtYOSHRrgIMqKYG8KE8ooN6TdUQ5isDlg4=","bdCrGqfjVfmCkg2uOZmbV3SL2EoS3Xlk97ShgHOstGg=","wfQY9NxdPIfVbk+j6OltNr1CzLWu3uT7tjqbFam00Lk=","+GUYqzuSZCxMEfr2n1oR88HSa+MMXrEhrvQVcf1nFNY=","8NYABHRvajbvHqrSwdAYKnd+7iG0PQAMkzvKReLnPPA=","rzJF3o8y0v7sl2vN22pTdHbAV8iJst3LnBNwmFP5tFk=","FtLLfIk2ZOjsWl7m03mRmpdR87JvDCu70tIR93MVWkQ=","8flUPQLOA9MzWAgju8eVejKU+ylF/Kecl6ebNiIacCc=","QOVZbSlpqYd8lfG8iXsM+6Dxs9cFpz1q7WRGUyXvCaE=","SB28HTK/YGF8Sccl+7z5OK8TGMWBd5cuWUNwTVwaFsY=","PWVtGDzU2AtFt3jIB/yJD5WSuhJXP3IsG9UMgJOzZFE=","O5SHem1I37MLaLmuXu5m/Xjso+j2CWh9v1paoYBV+I4=","YwSWm/+Wu9oL5rXbslJnt1tl3/mo3oey8RTcg2a+fjU=","YDdhsL+KiPuSYBO/EuF7CvTwbZ7b0ATl8z5VzyOGWjQ=","o9JGNyKLr4rV063W0rL/UQ10f+fxw/8WxTJmbS1Zo2I=","wASN8dnxvKXRSbXAfXMx2aMJVE+hc5YBPwfZH8mUkj8=","x3uddAtxMjsdaTb0Kb2odYQFFW/3lxxVVGwwNyoZ2VI=","pXtBk41lNnXjZPMXzVni8OS3CAXCTlKeu1/A5KRHlOY=","bB3bKD4+RMiZsmFXOVoMYpxAIUF/LwMZ96QvR7EbcqA=","jqyY9BAsmuiVe3LVJZsOr6XHPHqFvc53ym/qNrHG5y8=","5YsPsLttp+8LVPJhXaMpK4Kl0rB1OXYeDqINkSY4qdg=","9LKMVdOwEh/0T1sYmhKL1Pv3T8mjxTVX2CbqqYXFM+I=","ICMOEtzHDwrNp6GaI500AeGF4qJYUkVZeIbo8Lq3cF4=","uRq12Ow7eRH20DPAGnE+8m5ZgmOILfacAZvl3Qaib3E=","nHbb1bkIebSlqAPCrVhlC2TRDwAmNzIxXRQHHcLWB/Y=","K3C0+vr7BRvHgkSu9jKNrguE0eY0VJqtbi1JYdreFlM=","BvzNfKCjLGwLg/xgoG3FHggDyX1U0SVYO0tSyVOyIDU=","izacIdDNxJynovHyOZT9O6sJgMBd7C1WSJ4tDkH8zGo=","wndZBF90+4oSm+lu31o/4UzyI9uDkRcsAhyODHHEdWs=","hVFTPpqQ/9OXXbqV7Zg1XBfCXZrai7sE3MzKZV9p/SM=","yyVCGNB3M2pmI6jgyfHWIH3Kv82LH580cyOoUI3KMes=","sLGj6YB64+zgPhj8Y2WRrWDCeRu/fhYLEAixFq1y9+o=","DJN2mc5z/DPbU0uCj/SYnBwnR+iIRSBaHGYNUnu8HxM=","U7K9rbhwbadrlqVa3w0vKv/Tz3BU66JIMPkctwo9ia8=","B4YrXWrFyM+jc52GS+lxDb0ymFpF/EWhK045wos1mgs=","4OKMOkHIYUEShj5L6RlJybYkjl8NsxqYoWZPwKmygYg=","ZBqBYuyVn+guY3AnSxJ/bE4RPctJmmzY7nyJjjndvUY=","bm4sbOMdFVgT5AsKUWX4o6HVuiYDxqiIZ1DGpeWBRGQ=","WD43YagIiEn0aGb7DEM4vCNF/P9hRpTRKva7TTZZtdU=","1DaTRa1g4pnz26NWvoZC0RtXG0z2vK1Pm2iVxDjeepE=","9/S1vhh/OORA5gj+TBxYiYmoXhdCTzuXmg+qgDIubI0=","hN3kJY/Kmpe/J0g3DDQ/BM8Qw9A2HgqpwSNZppDYHa8=","Hb3MHRrXBd7UZf69taJfyGcqSxxNUh9GgVuzqjgw/BI=","s5w7KvXp5PiJq8gRfJfhEBDcbhLyxbEpET+2qtVroH4=","aZQJcRtzcOg0ojtJsNTS9kgpDq0KtZRpOf9wEn4J2+E=","TIt/i83SOvKokNKBIkwXQ5CPJDeiqYBCFU2nDjDUayI=","gexJeeTtAJqg8JEeQPDIXgFOjFVCmdEyTa7P00ah0X0=","Oeo7FvXxt7B5L2pberTUh1jhOCuMRevTR/9GGGVFzbo=","2RwLBMtyvMGM+GTOxbwq2oBbpijmP6GvLfQhWXajwF4=","2OPiyXh+8TnbYa4ziPeGmFhDUHG9aVEJ77heNMJ6BqE=","K86I3orYu10vhBnhsOSemfb/PRYbUDMPxDsLMjzFXsU=","kQXVBpMBKBPpmRhrDRucMwZ0IqE4UqfrKki2LOu5ZVs=","wHhDsrdn6tbxwyB+iYQcHIfJNU5m5LwacJfldoLXhaM=","f5PkRH+BTYhRaiy7N07HHouxJeXuWkIHq3sDehedgvM=","khF9eHFYO+Q4qUl/9ennz9w+wqE4lB/CgO5ytpdf0Bk=","uygPP4v4Vh3WLAmycoYO9v47k85XyNAeH/SiIQHBNGM=","Cskmi80kZSbNofh5iQDKoLoqxSf5izmj0Uf1Epyn51c=","cLHb5U9Ye5BSUEQ/haCW1/MHW2ANYKCnG3X7GSvZkLM=","jcYj9gjvWFermHZY6pLhe4P28ISAtDE7qa3D3d79MQI=","Yjeg1P7k41wo1MDt4+0Vf4r+0ZU/2tb/fHPlfgPpPLk=","at1ei7xoyJ9DxuoNdqKS9Rt+79Irji8PSb2a68w9UUc=","B6xnU5b1RJuj3Ek34QTG9Sc/NnS0a6wGtLbdKWitdAA=","cmxbH0/UVCRvATVfeyagkyIxAcwDmR4ay1Gjv//kF+U=","tuZ+6T8dcP8SBaDRACUFJQxwgRl/0Xn4J5drCZHq83c=","jGKknMUYItPn9wlPR4Dgg51a5RKk/HKWIKaeW9il3+A=","Tr5xdLJZBfIY3k9ChzNBNnpQCagvwAIOGuUx0ZWiM6U=","cWiXSxDawYe5DoYKJCbdNEcK7h+xBuTJca9SqPLK6KI=","FURoO7BPoAD2Bf6E/55P227Tm/CjwgSZOnd3onAzNKE=","gouHzua4TXcpCCKOdBSwqjTnxWi9sjrEwN4qwbGDu6I=","0xus93rmn7VbrqAf9G8iYoxYBKEUWMJ3pfEtTqHp5rQ=","2BWMvyZdBIX0DDCbLoDuwjsGGn26eFFTapl9NUGZ4fM=","aQHukvOXuNM+RtFhecx0iPZqNfe9k1c1e2VHO/qubcg=","wpq4S6z+qmwh8KNVOMNnvWYJN1m86mp7Gpa9dhLQKS0=","pdLuYBDRMzNQx6RdMj9oTNpqIbVyckeZ/BktgdFmxFU=","5w/7tp9DLHHyvI5a5AXAEg5Aya8WUjH+dW5B6gX/ADM=","x2QW2y3NH8WYtVkbCz79NADz7wcIIcxvDfAm8CEhjMA=","1Cs6EYKY6YC/UZC5Xl5a1o361s43d7oFMYJ1pCMypEY=","r9s+UND59gH/6P9UYoix4I0VPxUzeW0szstFfLnO/X4=","w5xZ0W3oe+b4VLJqNzEND7z9ZRZpotPeuygBchpGVRE=","jXO58astofSp+TIp+/U1UqPa2bpdyAJWISqNOmtxnBA=","cXywgEtGB9zGXWedkDN3dYVPjZaB6xkklfpsElTx2zk=","WDoELVFejjK37FN3CQxAUxqvF18vzPhEKqGhQTGf0lE=","lL/5IEXINIfXGkfal5ekzSrqcIZRWtoY8PWooz6EkDY=","GoY5w+mdmSjH5dDvrnaza2Sf1hfaOZMW5UQNCpth8I0=","8c5VBP6ZFocx5FcZkM5eEECPQqaULBYKUopf+9+ctyg=","4M6cXa/E55LZXa8TlyhR0e1jN5vuz9tza6RC22s1o30=","eRiDKADmkqNglTwr7yabu/GrsQse4TUN/iwY3eLzzk8=","7yaO6ja/fpVXkiJSepciTVv/Zkt8EZfDIl/tqVhphFQ=","wJn3ztAfj9f7H4C8bE5v0/pWvX/03JxSRjvB7m4Bt6Y=","q/NBRGCi3lFt4DDkIVMYsltw4na2pZKFqxUbP5+NoVM=","QWbhRXxd9/LPePSIftk1dcHm56QURYUuKVh2a9iIj/M=","FlyFYsJjVmXHlZjo3HAqsJzEDLGYe4fdwxkwMVQbPog=","0zbr0zv25fTiEPk4pd+2AnweqCsUh4Ojjb14GUAlLXI=","hkLE+rGp7BI00rcK3zgi39vJQE9zQ07JYxt0LRusDZ8=","AuQRyxGT/6T9BR3vNgwA8RhVLiJpX8AZGZt3q8w+G/w=","MaF1lhSpGZMh9HEslyOGMaMAEfFxHxI5WsnQOlboYxk=","RWr9eF4NM4e1wkr7lpbpDgBtxB7Avpx9ZxOJ2AeD4cY=","RSJNwWWltQs7zAEc5F4D6Nk2tonhM7QOVtfgCEzV4uQ=","pADVvSIiByLJqY+H585h+/960br6UFu+sxl/KWqR1Kk=","gu18wnkwN8b63y9JaBdKE/FQyM1TaiF9K7VJOG9NvRs=","cTMVt6XS2mJvwqtyFdV/9n781/Sur3SstgSVN0tTgXQ=","9X6VrDMPGOPvwUzCZyPJvkkMiWkXpUrvXMq/boZN/Fw=","trB+4Mj3oHbto07zRVAmN0Hrwwg9t7rpG8I413z3vRc=","JhdeH4MAezj2LzTZ9R3juYQq3usqBt+r1O9niBAyUbk=","6Wl4B7Kuf1yqx4+DWoEVrj7epWj0KEomAS0xwL4svlA=","bTloKAf22Arelj2nRs5slvhhYfdNFWFUvQdkTgaUI2c=","X2GESnw1OaxS9mmWNV7oOpE8ex/tcKFOwKYZk5yg9eo=","TMW4Y9Dav5nhR1MK4gvFnIxQ/NcdJZXgOQkNiD2HNzI=","eKvtW6A6wxwcNBg+3txqr4JykRf/R2GxXA8UgY8Bjrk=","I7MOubiKkur6oj7QuXAl+oGPSbodSAsJJFpDtbdyRKA=","6wibp49r8iIrfbT3zX1Asy/lGQ/du79uVr5tLOAxNn4=","0ToiMCAljwB4p5cFRv6cTufcb2EPvFjn+17IckeDzMA=","fcSCgl52SU8zqVRkRikD3QQJzDpagjzHGpFRKHkHYyY=","lKR9VyIU6eJeBY5QBMK2GbTVyXe3vWATMbw7Hsta2LY=","41G4Z5F1EMKLx7TamO+1p6z6k39NoMwPiFPQ0JDeJvk=","xF+Ks7zHk3l1pDJauAPSxOoosRvhPf/xtV2+YTUFq18=","FMQgiytZM7MmXMjiM/yyOyNJmZmlua0XHUwzmqeOLE8=","NEGOO52LJCiTCgYOgiDNbqLN/huRc6dQpT0Amgncv0Y=","SDY9qCkMD6P7+qFDjC3FIOUzCGH7ft8AZcIt0gL5aOM=","Rh0xVOUdm13oTfAG4OcFa0x5G59Y1yjmWRyKaJTErx4=","/ePWsZPqbv/O3ae7ecnFARniMgkQ7zS1ikOjZL0uoVE=","dtQqGRw1u8aDAeyMD39qBCneozku2GcL3jgYOVQnDyE=","q7TRTkctHcooSD10Ydd+eLeKIku6WlUxX5NNcRNSuO8=","0pSC8CWlvxmHt7Iyr2lQkrhPQrt87bZe+ZJrKJ6Lsy0=","WjWrhGKbhgi7g8tBQXNEEUFy4gO+Wm/TJkYDZc0D6oE=","itkXUpzctKWmDBK67hk6Ti3iy5a+XWCudUWIqCJKsXw=","L/WeTpJHVxcnMgzeJSysr1UyxAhyXbvkA7xpySvKLzs=","t+v3ToB2Zwr3q0BB086bFvqM6CJIDglLfiQJQStyhMA=","4YQKDYwjki4XvcbJlxSCFQEQo8wID5JQwEAtshB+0W4=","nubHdnSIZ3meA7QC+qr3q+gLHwi8C5uHAYyXFG7NG9g=","2V6ngVrsT8sKzgtIi+rf9VK2VA2E0dAvknhflPr/EJc=","PRyWwTj2/1WYWPayHhrHMDwP5QPTy2neUUIdbNkmVPg=","DDrP3davwdnhv+Dg2FZL0mpuBfawKdtdr9S7swPU2JM=","b0Yu9b10T7M3Q1tXikoCqsThg8BEmLkfIGEHAmggbX8=","/RnNPX/OVYcPdSeBM8tdAhrBdRMjSyKFImTEKSCSyJg=","zc7UuqkYC3ubrtp1s45NmuDo8fmdwJ5pdyna+DtdWDc=","M0zAL96ddkJViZzJrFluYmYEn3kORLPNcyNDalW5OOI=","VBY+zW85RQyr2aG8vVSKyAD+INnhxt3+sMgtv9mYGPQ=","roObD01MwqUEywnN1+lSHnaBHeiJFX+8/OddNRByhJA=","VnB0iJPxdOYeX9OLQsF4Y84vC1i5TuHeymRLZkyzfrI=","+mKxTnIXzSIGRi69mrR2jnmldI4KXs9/brJ/8qMU9UQ=","+kIMPthXssQtlv6pcv7piPwRGfffzI5ooS8YUX1yDZo=","e/Vc0FZr88DOx6LJaOQxwNPnGrtITPRzRG7cOAnq6Dw=","XtvNKaFUrzBW9o1NkM/SugwhS0fiJ6IrHvYpYRzz37E=","Ly8RHMYIZgpMwAOIhNpkJZv+0ebzKvKoQwSGr0JtavM=","m7S8RhcqIOERWsMb1jTe3qi4zZ6EctwHRmZY2JLsddI=","xAD6qN94etb6DNdIeTri8O9unV9mIYhR+IStEOFudVc=","L61pR+90AfZ8kcYtdNJUfxY9il22dX28VxYqG/mDI78=","Zr3i++cxQvbg+bDZo49+fS7tIlLJTdZZJ0bkCoXuIyk=","QXUWp1MHL9rpPjaKowNBw+nyd+jcGsFhuU2BLX0V5Fg=","21OKtnv4l5K9SeJBeB7YwhDcv9jHaDv2KlWU1//rkK0=","vx74s9VWyPNNr6O4GVOGHB6BzuPsWIhqRBTvKNTtSCE=","qyCkqAmQrgiXEnvUHr2HYZP+3epqibb/clmRC8HR+nE=","DwOA1gBJnWtBat8QdVZz5o3fHz6xcJ0hMNqqvJnF+i4=","aHb779BHGarTQGRuEXIGdiFMAZvVSUvSmdf6UAvh+/A=","zNmnTOzA2lt/5LDf2IJLNb0OaPTZami1aDGX67mD9mc=","tBLEGPiadmQK/FO5B+W0a7HQOe9cTy3wNqpbT2j8GSc=","drRiZwqrduH1tmL2D4o7rHlKBEudfQsfEIOnIw6U93M=","Xf+nmKv79T8DpNLqAgmDNmQr2+c7uQZG5qyY3hnU2yo=","p1FcYRANdaUNmI2uwfcHdbe3zfnTvtyYl2GgDhSjINI=","YL9hq8/MOY/vH5Seg4lgLTiyXu0gCKqBTM5JxWJDWR0=","dI5NKOI41dSSuB7UWPagPa/s7l7J3VQgfyCGLEJltv0=","+7wLT9Tt/4hBUcz+XugbFl8j9AHlwpZqQJR6cUQ1lO0=","30fd7cRb1HRcBmTVu879IGeL0WV9ZrpOwLtlWdSZ3WU=","iSSdMKO6aZ+7Q5Z3qN6ayUHeHjFU/F9cd7mnYhVYm7k=","P6HxTaCn5n703wVLbETQyfhrRXLRdVRW0oNwTih33Qk=","3P6z4/iDAL8eafL/XTVPTob37bZiorlxNVeMXOw8hUI=","MelprxnGLey3CqivwgBM8Xe4t0AAb9yAzsP2QANLxZ0=","mr7B2sKMogqxHpxUXMQttpF/6wvAIp9GALH/hHALiwo=","ldmOvgoBwB+RLwSGcAEfAwQn5eob516fOSqnXFq17/4=","vnzKzhcRl4FgCO5yzo/MLgXDkV7nDBhRf9ojl7Uuw1A=","+ILrDA3dvbMlez6j/50HhaM7lVKYaLcbd4AmlV9f/YU=","ux6VggdxnktGFw/ak7XOrK9vlOXQdeJs7RRtXofbEuU=","RGzDFKKZyuQXWD/moxpKbKZfSLPNVKkt7oCzPfcuYaQ=","YNfr1agzLAXMw6hK1bIC4IVNbPEI/WZRj2ui9NVCjEw=","IwhXW3DLC7PrPtNVcx92sUR7hKpv1Bb30K6dlvfVk8M=","9fvqutq5hktlmH1I+M/rMPKEOBUmH/WpMiNIOsq4+R4=","MkhEDDlnBjo12kckDGOzuOf/eDa5uKaYXX2EeYtm7LU=","M3rOCqzJOhsm8MXpPZYQjwLTBkfNvUWoJP6nDx1LFhA=","IYD62BdVYZRk33DfujrPLVnGJiwX+3yF6w9qVwoNaPk=","/ZZ+1x0jV0huzWWciOs7QbdyxDJ8+WiP6S9s8ELgBZk=","cwvFTxph9jwgyxzPBe4kE4popbGK3P4QtjsTwBjylXg=","BPw7wWtq8oPKlAUi3MEBHwMrnmKxItA7CCmheuziowo=","nadFqW06RBMWXiyvaHH0uO5vLpMpovhzN26BE+U6Geo=","Vq5tROaJaVhy65ExFLuwLebgrw+0kCN3kUvy6TLRnFc=","SuQ+9rTWwOqBwUL6ZoTCO57JwFf/0PAL2vG9mEdyS1M=","8L4CXIXrpUutTtYpUGierRz7kajruseE/pqyUMV2Kic=","Qi/odXHYZX+5rWZjo8xD+7+p/FaZciZxSIkI14GjllQ=","vIE7qhFs/krSXPFPWsiktIlWGzS/vR6uQ+IDP9lRyH0=","G6XLIk27R1yo49r546oPnboXn2ZqWkdNdP24q9uxVGw=","4Vqc9P4NBP00Gtj5C6fgyaGGFHpWow7VILW2rTjCd6w=","NfzQFeAMcl1h6dDI7rnE8TsQdnmSbTmPZ2mKR5s6U8E=","VstNELtkuZw3B+Fc1AiD38hkmn9VKew/Lv/wIly5WLs=","GJMsXPGNT2RZbwaRIfolY3aKKa/MScjVXOkeH/tNCRw=","cu7RUJIrlmzvHtWlOJeW7Z7nZlrsGm2TjPjxm0qHB7s=","gULmBpKBi2qAafhldpuRhCxLKueFkQuF2Tel1i4l88U=","JQ5Egw30j3neVnByVfZqqRftM1hOr3VdU6miZfrcERM="],"block_size":4096,"path":"js/inboxsdk.js"},{"block_hashes":["lNp0PJ4W/N4jDROyGkAFd+t6F+HhjGkn9DOaI285fvI="],"block_size":4096,"path":"js/injectInCompose.js"},{"block_hashes":["Dr7yFn3MiB0kLlhbqEpONa+5KHdHXB8Hw+tcQVJknRc="],"block_size":4096,"path":"js/injectInSign.js"},{"block_hashes":["LJkGtLvjcxgF0zUTTaJW0ejGjAgP14CSAyqZz4Y4yas=","j9rYg/QuixLuVHW281Rwr3TtIn/twiNbNcMhHMpsvTY=","pCiDs8/ytQRefSF/AiYcwqNUL6xw3qG244opQhEAMm0=","Xn+0o2rJoge7YXaJH8EAp+dd9B2dzCvj+ga6p2Ybmu4=","OEFs0g/1z6vCL94KtOfa61azCdevZIAn3/6+6/We2EI=","+aJhgyGJTGflX4vOY/HjUVU1pfBlPkUxPHQK89ymgHw=","jZI/4DDY8EnEGXJOLBbo7bA63eb4blREyGZCg6lwc3I=","48pFvclcB3UctEpjMY4CySyvhRfutnXZpqmKTjtO2i4=","z9EoDSL5HUeKJ5+SumAgwnfF64FzfTBpXKWUAGUR0RM=","PaaMJ76XjLFEpEv8k3CjjbmwsTTG8vyWeo4hSDHdw9s=","aFM0MnulaOaOTthKUBXcMlKp51Il8d1eWYKYbegH7II=","2xVCJqZB+Zkboh+qff4LG38SgDwOBemqX21Ni+sGxfA=","FgHYJvsFAQHfVx2Ccu61W1MdOIgSuJbYU8YuyNyITa8=","Le5w8I6EFmxz3wKLsbju+lIZZ/iI7O+tmJNXYi+3B7w=","Ce1cZdd/ImxMZUr3hnqJoNYE9RhZpIAIf36fgUdmXJ4=","ZFdZJCBGLXunOAag9Pw1GWyGbdhkUSSz3n1lbnCqfqA=","arG17w4tSzFrIoLQ+NnsoYWyLywdaYbC6GCt09lkqx0=","KznBBXZKY5pTAmRK8P3oUQr+eNKEJFn9bv9oxjYbIVE=","qOk0krTw6a8HMuDwDO1juXtErtw3NihuZqA4U9sL6dw=","GuFQwVK7H0G0EPofRgCsCc/wR2Kr9oqWltxSttqnKW4=","rNsHkY++wIYDsCJEWNjObXE80yNtSQfMxNm66pXEDTs=","TpGwZkRAZ1KrPy+Ueq6bWMSmrloq16ktW96zJjqo+Qg="],"block_size":4096,"path":"js/jquery.min.js"},{"block_hashes":["ckNvugDX5aw54k35a1fjV5TEGx7hd1Azm3zJYgLdbDw="],"block_size":4096,"path":"resources/icon.svg"},{"block_hashes":["Ls938dh87TrzLot9ddvxksunQyrljZ4tWVSOimjRDe0="],"block_size":4096,"path":"resources/modal.html"},{"block_hashes":["2ku78tLmFwUMzofgtvMuJ/WrcUW6x53LgFoDRnSX5qE="],"block_size":4096,"path":"resources/oauth.json"},{"block_hashes":["8xhCIiXEf5UVFNYWYqeWwJTmG4xZi0BF9fQQ3Z80GHQ=","s455UL7ImKRiZ8JDCsRl0I3CPFCmAwMr81BF5NqpNnY=","OkrAQqrFEWqBdLcQR0DfmDxn4GNUC2bamw5FTBJRFgQ=","cS48tjJOOqyN9GvoIWCnzoHhTaeNKgrHuX8niz+dhyo=","rBCW54t9gXvuumm9kmbN6WGGE1WQVi5oCNeni2a7qPc=","v+hPig2QfdqPYQPmKXQXqyuFHU+mgPPmLT+WQWCm0us=","qfgovNbA6AhhGNPJ8FUyToxE1BVhjkzJNCvBMnuXQpk=","H9hQFJWYFcp3kOCxcFM8DAnGAFUzNZ+4wMOYBG9RhYc=","ZHl/5V3HkpUNtQ1Xv/3lZJ6Tms+7kbdXnhJERATxSkg=","L9HDuVplUfdhpzcFjvEDLPgdXQV988t2dUsgKUlVnas=","/onPOYANQK14PuAobdgF+DjlxQM0ZAJNAVFfpfKUJaQ=","XqYLqn4MWdMDUqoUS1of0t+UGJ791ETFaiRYQhAi7V8=","1aTFqxp5Ex2vBSWs8qv170HcoX2miWfBt+VCZDiAjvY=","+68Yl5jYoYk+yhvfG2da/I5bBUO2iB2Mmy7ubeQt/FI=","8NcbFS9T78Dm/9hvFYqMUvc7ZLgpGUepQPl7qJCBq2c=","IIhsQFEl0dfLSelTD0eZQDaqBiN32/RyxlEHb00gx9I=","E/DS30vMgFcebjZWAHGhfK7WPAUreKIL48kf47E2qVU=","tz0n2NisLH3PTeQW5hp/dxFy9jL/A3kMrw/yUp4XqqQ=","gVyAH7C9DLU4WvT4hkr4D9OTolRrI+ptGOoz9ELFi50=","S57E2RFKIJVJetlf4TspCNY3G3JKfp+bGjIwJK6nfnE=","q7Dm0okWLyXg6YvHqfgpz5XRcqFmfuSJlnB8bd8WkLs=","/PsCnG1yLOVmPfWxXyI5Sn35TpBVDShwIjAUDoD0hNQ=","eX+fPmdP3mzhYcJOE2aYRWnx9ug559BgstULjq97YNs=","E8sUXEKDJTTFXn7/ssZrfUwFbIk2Kr7vcmPWKaIzGTU=","t1AkuBAZCVxRwZ3QdGDU2x8xCO/g7iNvjWdq+fZNPcM=","Mcw31dfyV2GY6F9QPzOFdRXIVGYRfhCabVW0tNQHL3M=","18CQskNtgrZ9mycWni+ATDFtYMg9NuIIuabVeMd++X4=","UOoAZa8QpxIMxgUyjvYtD3WmCceuDPlEXXK4ibSPjWw=","DnjvjW/zRmlzKAgYIamllqlN6xWc/F3PE08+320QCo0=","nqqRbOfsNVz5fzQwBRt2JU1CzhotaaZdFJanaiwAnzk=","epk3kO9q3Glup6Fr5Ee0UWYrvXpZfpYDRGCQBviF8uE=","GCzAHdZe2y5rwt8Rjemzu82XYO93+VOHh64ZjSSTvio=","Hscr3NSQqEwG9aLwTdxg/dfuJeojviXzFv8mhQnPg5Y=","pOfbJg739zyeHY37AtPMtJdZyBqrvSBp6Nwk0rn+rPk=","U/J79IuhlgV04JK7Oya7HtH0mMYsbuYGf9vCJa6qDXs=","p8gKWSiH4OiJ79cGPNx8xT/197IhfzyOqaROmakk7ok=","n3eeC4YE8EGC/AtcO2XLy3e3EBNFV7RhMoz8/iXxTd0=","sE2y/byMz9zB4IXsdhWRQGcwT7p78MIzAmRciyhUk8s=","W51PoP2QdVLMDD27GA05z/Q/DTVwygyhYT5u70Sfy+M=","vTk2zDsVtm77H9oXdWmg8yOwean2qM2tx/kzuFgkRKg=","29DN0RZBZTTGMSSZ8dqyy9lRH8nAnGmp2zJYLR5zT4A=","JczFvcGkrzyhPHpjIV3aKAEVwqcsel6rSjgu9FtvtsM=","8jfjudpPAqUWOX9IOLdrxYp2Y9gWVVEG01gnnghiK1A=","oARNY2MDsxdePOkjBz3F95FPbWOUtbRYHxj8ns1Wobw=","gOXyoUSaZcnrng2mcZgoaZMbno+UcPEdPkafg/O2cak=","19JTI58aVIwN7hT73VufT84BNI7os9eCjxM+4MLktxE=","slgc592PRWvwm/9bCVvRiXuICvHGPVC+VZrvsL7pn50=","F6alj+9S+kKrGE3JnqptJr5vKKXJivrLvG8ExpkoGY0=","87QwhEDjPyB3KRV1qKXgI3gt4DS5O0S2HTHx6XWteFA=","hgrZgljX3lMq07lXZhCPcvBcVxroIp7kt0wRKCxlzHM=","Y1urVFCgepyJDC/fviivv0bJsdpuUH8FP9jS+a0+kes=","uOZsNkqnaxC3uOniFzkgBDwbkzDhKXayR546AMZrEHY=","aMEUYTsh3TvwhvtPx3GU9yLG6JUcjY1rAdKa21JiTKQ=","I+V5yEmSc0Lw3TOwRIXfab9VpPs+TzxrmjzGo+U/194=","iL06O33sanJJuThJgqRGjeMB1x8rXmaQ2V21qgusfMo=","7nnRL0EIFXH0eissvdIMr1H0BpmjH5fMHjyV3YhPBhQ=","ze3q4xTeU6p0Iom071jlCXxaMRNRGowb7/ro8bxtw1w=","EIrwY5Y3l+UwyGaK721f3b+WhV9CFzefMYn7ya+qvs0=","pt/KyeELfGj7mhggzYNxcBR33/UOS0YkdaXHsMwpPgM=","+v+/igTyMj22CVZlN+0BTRRHH/6KeR0ra9WfpGzWcA8=","Rqqxd16ke91YpUTr2meICVSoiDfe35WafIAylbaYDWM=","eO3tqsZw4nl/9zOM8sKx0ZCyynrVoX/UqsUHWY/CdHA=","MYaI+WHFiGgVZbrtcmFuQ4FVmmurIbuSM+rBQZcSXvw=","/r6oL0bNb/EowCZvajR3Wn7gLdQCeIzAyBzEG/uBm5s=","ue/bHyei/MPs5c9m4F9YcRnKbla3JCZK9w1rBrmAQK8=","bxxW6viWXmpFoQgG6rCIU8lePHaI/s53IkJIXIN97SA=","l3s6wob3BWKqX7ZXEuA9gYZt++YyljGI3yvQ/VIwDhs=","RWdGHok18SbRix5P1L/bDzcwErdtiV8PZLnSjAdm+qM=","OzAetcl7yGBLCv9yMdoQl2OY/x1nBZMmzJo8cXSltHs=","ySF6DbFSbPEa4lNUHsyFL1XCNVdIpsHZREFyhDkX//Y=","3MYWiPBjN9PBQxGGQoaarT9vRtOu3HvP5fcVG5RWkFE=","2N8do1TQjYMp2IRQ7SK9SWqxKoowoi2bzIONhZdQ17A=","RYTBuyvyz9nXGPgqvVIMGeSC4y8hq8Vtgx1/Dx62KDg=","9KX/66BLOsyo4KOzhu08Unl3BbQqzGjIJ73rRt2Lj0k=","gmA94+4oyV53wPCb+9vvv3CJMaIzfqyLodO+g3OGkRE=","8h2KrBBg/gxTl/3b9eYRfKlKbFQysjVtG8K4FZRdtIY=","+wpGnfm8Q41SYawEvK9VP60cS51CWE7x/A4jpG5f5YY=","95XeHWuUYSGHhuRPiWaJxGcgMhvh+MOKbjPMoQtQ4uM=","P9BYM5uYDYRfh64JFF+VoOnl4CeQF+FsG933vBB9nEo=","ZRb0PDKnVGRHMz9B7UPWWtC28KWyTFkzkB6EOZMZ9l0=","+OBaCaoil3zQOHTRIzZoWEo1M0Jq5eAI6YYWEAmg6H0=","WKaJVHDTOOY7rnGrxoUAjdB8Bz4OfIzT84RqTdUTIAo=","V3pW3F5Wm8lEs27Kyaiiox7VFMk+yDB/Ps+5Lm6yoDM="],"block_size":4096,"path":"resources/pageWorld.js"}],"version":2}