{"file_hashes":[{"block_hashes":["/a+DqtaXeu3WoAFkM7py9341ft7ijZUbQWDHdywo9LI="],"block_size":4096,"path":"contextmenu/colormode.js"},{"block_hashes":["gimxpGyLMR0R36UDWOTb486Jq6Rs6WFOhLYMPAEf1Yo="],"block_size":4096,"path":"contextmenu/colorscheme.js"},{"block_hashes":["p/Og5a5mXoyCiVM5H8CHyFjDV+Mvo5qhQUlqy1Z/Itw="],"block_size":4096,"path":"contextmenu/launcher.js"},{"block_hashes":["1zKg3XFXmqCrK+1n6SJWJzovQ6CK/6REPfAE7yHF8UY=","x7zeL03z7CkxWKCZyHYaKuxGg50QO84o9a5su4EH5HI=","VmuRqw5tCDCNTeidKxtQnsD5IhuCrMsmtrrml9iOn7I=","3PitLIakm0UdyNZ51qUO0CvWJMBxF5TrpmNQwPw0FLU="],"block_size":4096,"path":"icons/visbug-dev.png"},{"block_hashes":["o08KuJfso+i+MBTfPVbgyg+qYYkiFEs9MsF6aILAmuY=","UBpTFaYy5gwpLahgm8b6G1bAB3YzoSghYF35AaSTWBE=","TU0R6ydBFISSdxaroxeRN9+HlFANhaPiNB/AMCaLQvg=","MOVqma1ETHux3e0C+X9vwVEvyBQD6geGsb5Iiv1tVLQ=","Fz6tsL0f9teSyt7tsqACZASQdnVodwAihlb4uNE9akk=","SqCSqkcorLA9Xt8JiINMnktE9WR5TaI8oVVDinEsjq4=","D/ffz4Y4gvlYMqvD882jk2h+6bYUWkngKxc2B8lXrMs="],"block_size":4096,"path":"icons/visbug-original.png"},{"block_hashes":["vgxG64UnCqcfbkKD1gxdpYy8kERML++6yjj3ojIP0+g="],"block_size":4096,"path":"toolbar/bundle.css"},{"block_hashes":["j2anbRdaX0cza057ORsR9XBui0As3WVB/i2aVHVuq68=","hDTbXS+QpqR6oxjuyFveQeysC4V629GkFeKl0H2IeW4=","XhqVoH6R+2c4wEBZLgBkAlKCUbV+yx4cAxGAhjh0Y9I=","/omOcGfmA7bVG8uyuUc40I9l0aUTdSiWW8XeIvs68Ho=","pjdANVlr2btyIKgOWZspFFMBrn4htLByd+8Qtuzi0+A=","Jyy1QYjDSWdWBMyO8tfe/TyfocYC1Zwhe+EslSq60bc=","4+P6PF5eAg8Fiurh3aTTYb6iX/lTOxOj2LGxYfbQIZc=","xV2TSqC1OXr6x2OAmDfeK+YwAvOGT6qo+qCJAOauSus=","BBZaqCUgP6/96fmPaCmAOdCwy86fCIzb2DHHf07Cv5c=","OFdrJKYz7wAvdy3ISi796qkl+Cu1VryuBxmqqrxWa2A=","fs7KQztYqqEaYu2eGmhq/F4JI4lQmjAgUGHo6VP8eF0=","2CyRb9a4nUHfHOJejGFkyz0u2wWS101Ez642Zv7lMNI=","BJs/EPDPNny8LYBvixLrz7VekjWw56eD3k3qaT2F1Kw=","ueaOt0yr02acfLFFEjnOrWDEkSmJl3HDyJvVQ7gEAf4=","FBT63L7owVJNNEBjq7WaNK/YV8eLwYlZWof7TF7oa7U=","vTLGnDVaqrS9EzMlrZgrNdHayU/p68Pt2/i2LFEB6bQ=","OF7VQXVl52NlGqfH8mHsDRO6EIvFaOT5fHtamyKr2L8=","YOzyMNLC7xBKJd1+TfBgfXD4Lk4qUJ0HG+eO7wAojjE=","bqD5Nr5vdyxTCESvfqSZb2vwUWJOgo6O122UCZIiYeM=","pDYJsBxXe/kr26L2gCST+xzJN08ONG0BRIzCn3aQ2Qg=","elWdejMZ7FXqo9nPrf6/E4X1jh8AXRN6sIornkrALcY=","Cj7B5VsnonQPan0OD4rtb+SRZ7LVEwcYur8SUkB7ul4=","y4KPH7DJ3eWduMA3ehTuF8lhUHNyspP5yWFg/ahyPPQ=","QIKV9b3ygRlWELvmHmyd7gvtfabidLlKCTtSaMsDfKU=","5UlmZMVt6FSOdFuR68LGkl9nLvNpPWQzoiFB6SW9uRs=","0vtyUFsTzm8Fkvy+Th4XEEfCkEnlapiQjf0nRo08TNA=","FYH1Jjy2D5AJ9JsSiiFo7Qs5HOu7J07e2gvd2ryCvdY=","doEfpEM0kAV24MjwmOD8lJFkH2v5RKjWuIyuRQhZ/v8=","e57yleoVOuIfFEcD290z5od9f4Lhx3s9ZoQGWqeIlgs=","PUo2Ufux/CEqrszK12Z7vuN8IIkfcRU3+kE4iRE/eWo=","wj5VG8Vw3iuGlzlDpwjdjpW8qBrmp5ThCVpcuHnq1IY=","Iat1V14sstnF1SeGY4UPN1zsdQVofn10KrosQC459i0=","sPNtboRrPmfzXXAkCRF6K9U3yYUiRVkn1rinhqPUlvE=","GCtpblawBM26ppcZIl/jo5YPzst2KjeOl44qrSaXAws=","BE+2PNMAbOV1QUTG9oZ++CIrc0o/EgvVEy4FBmEfHJk=","xVnmqRj0zudLi2WuExYwnK/wxBKy8KCRNNcZfASe0mA=","M9Eu4qcIMMn2lVBMhkzejrPKbv73j3atY4COALfqyMU=","+PocObIeHd7/iBYsvBYMBa28qUAwgjVEo0mIFbdB2pI=","UXRx/D1zyAp99i8CT9zEsKXo52cSz88+suwxslT9riw=","BT4A+BsxD4BBeJdqT98EPaYU4BMy63hzarIj9g1xAKQ=","Li+rg49yIgxPMcuPBuwcYIIU5EP3Eb33uBC9OdcsEIQ=","XDCCoWPL5qJSNMnpNwxN3stWaRsF1mxNrreKiAtmYYo=","yQioC0s6wibPEDC911rifTPLwOape+upKcclx32qzMk=","Os1EqhLlDPsx9l6oQ3/Gpmq+p9/4PDxfFrKhckB1Pv4=","+mgBoj+H4vEcI6i1iQbhQTdhJcmIsxye5jnDaPB1GO0=","zi81p/1uoeOP+AUQPd2s6PIzqbl0SJ85AlFw+qVztrQ=","n1YrmxMCDFh3xILcV1IXTsq1egBp9vVb523qaOftAw4=","eBAmMocBiYn2ur+EM5RhDkmfHuxc7jGlkvMzqet9CDo=","5+E86Th60GM1oAIbgDM9xhUtRaDc3NI3nrJA0STM6U4="],"block_size":4096,"path":"toolbar/bundle.min.js"},{"block_hashes":["gA+WzHqLPccwC1f0eMt18Zx0khjT6CQQhP30LxPPnQA="],"block_size":4096,"path":"toolbar/eject.js"},{"block_hashes":["UiDr/PpRaUzUvGosyCzomSjJWwd/8MeGEFeOtbyrFxs="],"block_size":4096,"path":"toolbar/inject.js"},{"block_hashes":["NpW2uwJ4e9l3g9n9bS+KJsYHL2xMYDBzAXy19dIjECg="],"block_size":4096,"path":"toolbar/restore.js"},{"block_hashes":["SIxL2JVJhuxyXS7cLO2ltgG1fYEWtAfg5FqY7i87vtA=","WxCMpUlco8n9H/cuu1/FNqMkJGmHoelBnQjAOl0gMs8=","gWKjr9t32Q36eF8qBCJBPBEiWYIdkzks8W0LZVvIUEE=","2PHSF821fpAL8BfHbUK0eEafAuJPNaeP10ftMSEsvuU=","fVsfk2D+gyinm0fW3C3IoWTM9IPLzRbfUUAP1LsHe0M=","qiDPFJ737n3F1Ijy1Lna56Zi7SBBKg02aMY2qsEZ8nE=","eLLzVR9rMpow1Svc6MN0mlwqAb+zG02n//LnGr1zSwk=","HyZtsDwJHpLN4G2I4DqAgiFOGwYEholjA5ghcs0CVx8=","SicCjrHiXTRf488VsiI297l1Vc/enQhTxbnh3lrJ3Aw=","RVvuD7QjBTem+rhowzl8WkCKjBpGTDt/5EsZ42e6guQ=","Z90TjK8PrI2NL8mnj0OKhVam2iTr6qMsN4XFoQ2lNUM=","gJfne/5L6iKpBiEUCmMsdI9pvJKQKrsRFR+x0D+Bwu0=","PhM89PFm0SULLyY8EqZqpVTam+XS16vCtTQCpjE0ayM=","clVtR6d/aw235ZSXUeuWk+jRcTQ9onh6Wp16/JxgxPg=","AitwhFNW/egUwhA/iNzOD2eQEQYaJHNUbCCnip7qobA=","Yg3oFWycyDvRcr/7iBjg8N+ykLGnIpxJdrBrtjchOVE=","+vRsMym94zRFxZj33QL21wXx8KemGhV/5aP7h1Ub/Uo=","k47mVVMabni5PERx1jbqaoV7XHnZllUy5Uqs9FHArPI=","sITvCJ2UrVU3gHIRMQBRTOz3fRSMuFl6OE/MdJtBxeI=","GgTWPgUuKRv3kDEMDO8nvIOBxIzuSyTEEVrbpWvK3fk=","AdX1uHaE2Bh8wtb/hM/RdriOPVP87VOI5jLMdSJQKXE=","iB+8h3TCPFdjbzty/savky9D3xYsxTJBOwi17aLbfNA=","siC5hImBil9+yAyRrh9Zd2i/lQQo8uV4wDrH0D7Gb50=","n3RgdtgkZ+HgGVB4SMEc55C7zBs6gDTyCdEp9H5smkw=","xvxsSb+X/rSwzTyibX4uw1HsixcLS+jQEgq3xXtWHV8=","5VffHgfXEd2x8qQj9N7IiVeL/IawbjTqTd1M8wOJBGs=","50+AU5YTV+0tKUgKltNK4EAMwlVZuvMwuOcCl+d+/p8=","UcMy/KE6h+STegP8pJDzvkBv45/SX/csYDjwyka0SRA=","PEOQiWGgIt9GHz5s1m5T6wR3aEdAXc7crYAKTyGKj6o=","lmu4x7ma30X0dDRr8eTm9U/pfCl/vxedIKYQSg2YYnk=","rxknK12pB5Bz8gPhpJHHszTrLZ6gJu0V3SMdTu+vyaA=","kTm3DISCx9sCSaAms77sNhpm6ijc7YgOkgEvT/v+oxw=","ipMCT2+IRKgSMiJiV3yzxdMyAk54G//Lrr/Iw2BvoPo=","wOZWnroZlK7GH4lXLCU9+aKqLEzinaj0IJXxFRpUXoI=","R3gu9jTOOSjiSPJKxOfDWLRaboFblMjkyuuhkcLZJsQ=","CKnJyDAtO5d5bkfoql9EhPPhFsr6ErtfyrASuEgvj0k=","2IMchE8JtrUTX+xbMd+OEopZoB5iTAvUTeEbIkwt0Mw=","mZYvQGOR+ucD0bJa7sUEGc7M9bqN8lwuC/mx/shg60s=","7eJDAjm2SvKc3WE0Mt+SRc9fO0ZODyZEL+68XHO9Plo=","AKUXdpfIVJkpGpm0HaryTZw0bun1pg5xgF4Gc2tclbk=","XtjB+keyJnJvBsHviMc9La2HcICCvEUQTodOLb/TLzY=","kxS23wdTRgMvkM2R0knL3WQ1aAVrbqu2Ix2ai6j74Yc=","EcOVn+7zo3FXAIMS+d3z2kRe/19gqGsQdWZ61euN4N4=","/AaRRHR7e9/Xuy+clcdpZAAK7Mw6MQ9xWc5cGZD2ZjY=","dR7iMFF7ZMwc0P3rVeRSGjMVsXDWF96/jN8REyybfXo=","SfMuceGnuTDsD7FGVrbGsfWLI8bdRZmi0XdixI0NQCo=","IqoJG8VkfgGtpEfuYuP/ch7s2vUSbyPc/WvKivhkCzc=","2is+I+5DAjwWGHI4KpQtZ0UgJfk76HgTi/lBZTIvdVw=","1GD0n+/h09aQ5z5Fq72129mdEoFxIR3ucmfujqxrlRA=","SB0He/GaEEVZSsKw2cSYJL7dtygnKNJ7j6OS8Zs3LGc=","i7iL0M+wMtnMJjMkCM2kPOngR0PFGGeDirefM2gcfwo=","QhMgQdFkqeiJDFHjF7W7lVbqZB//2/mvHUtqbGasx9M=","AFGWjP6McZ0OqgjmqOzxNCmJjXTdf6QMeubxlPy/Nb8=","LkYmr0snO+SWxWka9jWKbWNh/GKA6sw0R8PrBDawfxc=","Sh5ASDfFErfR3wHHXpQh2D300s9T9+j0Nzzd2dH6XOk=","qp+bz7aJ/TpPPW62+iGHPCf+Mrw2gHlmScufMC4L+TQ=","LXI1TcyF4hzLQjT82sQ4GhNPnQ9vTOr6Kcc3FG8jFA4=","9lKZc69zDo7vlckVy5gg3gfVtGGweDNyNLLgJq4BV78=","gsUpNRLPH/nQnL7Gu0+1ZxHjVO9xmnT12Vli5DUAgWE=","cDioyZG99Jd03nDNw27M81xHr2PcvqPFHLsBCf4UCpc=","/3Yit+bSVVA0DX+AmpkoHUA22Qm8uHPJuZU7zC1kF6U=","ulHVqOBMsc9GGKkc79tcURnQS5Q36Z/78ymC+/7Pl9E=","WrGMN/HIaUZGpztfDer6il/JhIpwgI6zEgK4sJIe+zI=","/qYlS0eouoLbRWzweuUHGUV2JAB0AOeP1ZnTMhOck6A=","QXB0NSn555W59pyxMxQY8lk1I4IYPrCJDbgZMNe2Sjg=","0eBl6XbfNViRIXHG9O/eKPj/pCI8qERtKysrXOPjhlk=","uqZ9caoc4o7zo1u49Z5g6atVV7yxcDylkcNUf+zIG40=","W2rOLwhwQ47cZBOty4ZcL5pXgS16BK69DjQXuCzJI8k="],"block_size":4096,"path":"tuts/accessibility.gif"},{"block_hashes":["dWE+f+XPsEf+BtjdXq5OoVmpf0YvA8zsrSPitbZs2kg=","InO9mluj6WTLYv/Q86Al3WWZTKkw85pEDHYW0nhVvqc=","hf4fsAN7s3feCHKXmV4EfVUijHUERgzsJwguAACW+ZU=","DLPkE7rQ57JekBtmxillVBTR7L2feIcfFhgyGvH6u4U=","avBuh0no0iBfslcqBIgyDfDXaBRlqp3bjvjddfoPAkA=","WPUYMrdS8fM6VfevUJUSIUpBmM0ivRhPOhrxXOTgfeM=","CTJ/Wy6aLX1VuznqFQlp9l5TLhvLEgdSKGFFM2wL2OU=","6g55C3VnZMlroF5QgCc4fpqxCbTqd/QaB0R4MWi9NBM=","kpM1zNVZWG7hMUYtKfpaF03Q65y7UgWU3fJlhU2YTwU=","BbI0LnEdHGW9C0ulIEFsDfqzCZerN3APxxvTof8HRow=","GEK9ca32yUG9y9WOKK01WUi51L62pBdgWcFx9irZU4I=","aK4QGaazeMNAaYhJrZ0w1A8Q5n/Qp077TKi5rdt7hKM=","/0cUB1Y+O3JO5FyK6fA2oN2BjwA4QEH1FOvJgc4LtNA=","jo7WWt9GUHo1UzcJ37DDB7L/8WmJ/b2fWtm/dX8GkCY=","q3+mcf7UY5R2S4CRhgOlp83Ys8qQiAcGb7c4X0wBsYM=","waqcP80JBcOZE9lR39YIe1fwT2IW3kkJu3SLMazfKCE=","qUzqNpRRxMIvyREtpZkWVMh4fAWfah7t/rUpOFkKexU=","3UWB38XfdskbeK/1ou1g93fxa5plhkztBa7UtjFN8q0=","Tp8jjLE8z9Mr8zISZ/Zix4yjnoyS5X0tOHm7mUPGx90=","28vpuIM6M/Z/Qzef0rO+ZpehiX3jjCXrPZvD5Is0/rc=","ish1cp/vUyv0AdBmV18GZc6j0WF2hbh6vkgC8tKRMxc=","Y0VyRwNIFCm/9I88qm4wUjGOI5kjgwnZ9GvErxs1FKk=","29k0H0A2M4tugC/DuOLbEEIcjNv6TrYU512bjFiJd98=","yxieOt/5dJevgqZwxi4HLtFty2vew7nDSTs4NCgY8B8=","81NHfetMf3jP01sr8CQskcis8rGBQHHHLr/hdecVusI=","LjjXCNOizePErsklq+DPnxi+YD79OLrBCTK/WdgqL48=","Fvwp9iELuW+W8QHnTEKXAFsQ2qycLwUmWsy6gMJs5RE=","zZ8QXm4ontxAmLmT1vb9B+3iOiIHxPsqYakWPs2j9yo=","bIbkLhvJ3MUx5Ri9Oy8wvZM/pBSig2AKTvwRfSHa3cI=","oUO+XYur6QqJzsbBD9t2WT9+HxhFLnrR2IAVEB+AdWQ=","jTRJOHPsPWL3TFoRhD3EJcMilYTmTc1mU1B/chwn5/s=","qgPbxEEwwES8PPEAWqvsFBNNF5KHo5/Gyvy8tBwCE88=","ST4cnSG3jFNZHQHNNBYHVSbQ6L8XBcDb7vulOsO+rpw=","N7BJL09yfc7ap4oBAIbSJpKuCOEYREvoelYLuOdks1Y=","qi43eVBLUXuAV/w2TQR0uGax1FCupDyVwnpwaMVysbs=","R370UW4jFqj5Agp6qmzsvLaVCKBsCgnhsWFHI4OWnaM=","TjEJJ2sKi1RvAjNt+K/IH0y8JkNx7ApRXUXLxO42KnQ=","fxVPsI9VDmVintITU5NrdhbeUcIildO48Unv1+ZAiZo=","1uQZuvzplKTddH0mQOpZpmepIPZXWJrJgCrOXDKIG+E=","ELSbfTm/a8/vvjBXbb7LO+vmAb7pGgu5XbcW5Cf1GcY=","d+KtcMNAPTRt/Nk2aLNiWYulA+FgkwUZ1MWQcLUPiEw=","y5upLo/sQzyxbb+PZkh3LQVmAnA7t+HnQp7BJE6KIyU=","zg/GluGf1ETXIkF78hCJ1Oayb11gN8wCxM4oms3I/+8=","a/pV1Ze4U3KFS6ru+YdC2OQhmbO3YOzZWEts7l/6DaQ=","OC1IObl/oFKivlr0Fk63/mSBJssDHbleatek1suUDMs=","7bdtosGMFGqgWA5dD+O/XCJ31vBvjwwJaRn/qPxseC0=","up4ps+1a3LLc+U3nP0N/CK/j+oALJDmC0YslWMIHWHI=","Mv0XUBM8ZZkH2WlkPfctU+u46tshVWXvl/WV8CEiRk0=","wlKlt3jI5mWFhqJEyKZz8qtm7unkMH74M/A5Xb7FuX0=","YrlDGORvI5KbuhKOVAoBU7SOlpiRbDmvS4HDxCJSghY=","Ax3RECsykRZnRMk02aE1Cc4+STE8RRn0tWzZb6edWB0=","Jm4OthgnPBJJuzKYBL+d0xfCMBd4m93Mq44K97fznTg=","MnrrV5Dptc/L/0tGdEqnnWLka7l9M8IeO26hCBxyTjI=","SneyuN4ugRodocy2bKIcOFa1uJaB625K017VrsiLWNo=","9oToNpJ+SnF78JEIfFBk8o06pJeVqWDFY3yrN2Vo1+M=","Dk7dKFoMZ+oFVzmrA3FiiMa13fr2DW1NgVNOXUBp2Z4=","VvUJMTvOLwamcQ7iIsIVys6UAH1dy6NoJ6ItId3erXM=","E/cyimYQdLcqQRz8ld4Wue5kY46Ovaffb3+9LE0935k=","ICuM747YNjfLkJQROREbQYpagNjUTB/KVZVfHRjYJSk=","UeUhFzcsWg0p4tv6zjNhZzYTszV+9Vww/eME1ZQHX7Y=","BM+RQwoyyvQa4OZHmh9nTjyHsmku8EsPMv13UX7O7tU=","CNiTI/BzCeQ06xkXUhM8vJuGCtZuTOdJEahstTPUHCg=","UtqfipfckF5r+ZQev1edgcaJUIilBVsvk6VWiscjcIM=","mEOMXtei4uxqJarcVuVf6YnXnoUUPzhPwsnoQlpW8jU=","UCNU3UcsF3eYjvClcplwhQjYm2jC7yDbMfsp8jtxc9U=","yaA+h+1uDmjPIjaYTgzXsNlROqis+t3+ec0HnTjbh9c=","jvbK1sK+tfSdN43No1Lcza9sFFroWpi0I53d0m4jZFU=","bQEyC0Xf2LyA/eNvPSmZ/dC5B+SbUIi8pElWLt41kFM=","jckwY88Qx0tjtnFEZPDbf4Stj9Nu1a/8WSSD9xWH+vU=","SRJueD6OfjBPYP/uvdreCIVazMBKtM57sjOWm+32kUY=","LhW4GcOO3UcxkuKmbowHnYKtQ+z58ZolxBUPf597toM=","og27bLXTRey1CAwd6r9R81SNoZ3cpDo3HwGRlc9WnZg=","fwjPwlUV8mlGS4Oq3M7Cwo5LkNAr2gsg6ynqT8BIx/I=","uw7PW5GXvMA0lSzaG6/VGanDbIqRP6msorj9F7nIBa8=","vj0wtQ912/wZH7AroXlyGMu4SD6+Ni2JZY3rg0i8s3w=","7A08gtdbG81RBCeyjApZKkr2Pnliu5QW9IYr/C4LrhI=","pXc2qI5U0m3R9JV3fq52dCKhDjY2dYXt/gOcR2FaH0M=","+ERj4EhCVh5AbddSpnGGxhZfMyuJ4Heb3n3sIdBii0Y=","3/f9bf7566hRzx00sd4WpisyWKozzjKcHpTpaPlNxmE=","jkHZuveBCJXb6wPF+5YttecFYPAlrMFaMWLdVjlFmz8=","RuGORq7bDJl4BMwW3LnUsoq8H70fPpkwygVaAl4HwiQ=","CExzttPyKySGVp9SutP3skPCjPUhU/myTr1ONwkT2I4=","IOeHsvU0FhADC5EHwfCKdOlwWrwJIf256GjysxKyjs4="],"block_size":4096,"path":"tuts/align.gif"},{"block_hashes":["6y4EptN4FhGfgvOpn3WxE7NzYa1nQxBaPJ2vEWnS7+g=","PwVZAnvleFxlRh0HXVbGWyxV8YD1u22iKTa3KnbTyUU=","VNisdUck6OIscIAE+e9j9hgpQhCkwUcrbe2BzQIF9x4=","WHrHe52p34Xd+iHeNwc8TYgKNu3S3WN2T1JdEWC8kxE=","D/ckBKj+FArRe3ok1oHV8zt4WytVK/Lw66QdBSEKYzI=","aSdymgRz0T47aFB96N1B9xoIdMWmr/DyE4/IFjq/weg=","/OI5aKoY/34B/r/tConyZAeIi+d0UAK7nKyEDBL17RI=","SoYwLcEmU0bu2m+wH/JN51KJj1NRQ8oSrcmTVUSMEks=","aSjMkjrXX6OKufv0mWksY0QaqRGB/EMTC7i2bq1KU/4=","2XBcnU9zDqh3MELlZJONrPwQocHCgEJChiA9lJG5xrk=","f/eCeaal9qR6CAd2IDHRyK6o8CGWzcJh+3C1vUbFrAQ=","ZqUUoZbFzMsBouVY3u8yccAnTMnBm744Ngj86pTfyyU=","y2Bv/O0X/VbzqA7xsObAp3d3bZ9PQTGHuozh4S66FrU=","u+Akk3WIU+UmVdsbZo2qW3PUBrR1gkrZJicbBSda+D8=","VwrMcViARFwCnNVG3aaNP86vVMHevP4IvrP86negjo8=","XGBilKSiUaTOy3uN/m0YCYef2NNy4M6155suGMDtuxI=","soPTgbMYNbKnyF5EJ+ouvFQXdMJdVwVpfERgIUyy5eo=","KVP0KGryQrHwFjCB17tgm1ZhmfUDX5qgF/1+V/RKWG8=","msnbfYSOpJIH55VgjyogpOGgz3ZgjTORm61jyligS2E=","wQzAKfU1MSckMDr62jMtnYsAOfYOcGoaJAQRWBWp3ko=","vdAsWx9c70GxV64JjgMrUTfNGxOde9yFc2rwwMVGD4c=","vnunxt2FDEx//2Fd+dlyoVQwX3ofLw/pj/EqHg+Au90=","MV7+DxsOsEsgB5M3hQ1KiQ2VivLwZfhMh8ya8X5C+KA=","/d3F5sVx/Bb1CPgcqx6oVexhRXQAP55ZMctmoi6fLEQ=","QT/QNokjasBE1cLu5zazlQ5onVrnoGiscwvHWVlc2b8=","OMBUYoCkmujUIT3gpi7DsLmNNHcYY6iYyW0OKYgrkOY=","jnLeFUv68Gl+RziiPwOi7MdrrlANG7iAjGcu4z3ojoQ=","4oJZOdK2e0ULLrXPnuLI+Xanh27XwiJCFFsuqOE4Abs=","PeseoTcDeVpxKpg8JSAjihDoPBJ5zLYtkE7gf3A8dX4=","H81ZARMKVefNx9+r0AFZuvI10nGfuwPohBBLkzNTTtM=","fX0pQFq9K5hqa6C+1CnGC12gbrKq7+z8TIwlkS8Vxjo=","+LzHQs5LtjVwgo4ujiWavSWzzLZtiMFxFA0LPppG2CE=","YxL/dtm1sqw030Cco5/D7DvcXFbFhe2r/1bP0BV84VE=","Eu6Wr1nPe8dIh6UCBqdf0ZpRqPw+DRT6sNx57LZmvhQ=","O/oaq2jkD2GW3LZpw1y3RJV0F0Vt12ggl/YWdEdB/3E=","6mEhZVka5Z+BSr2I42EP8NCj6ZBDcdS8k/qPJbamQaM=","K+hkHURRvugh9fiHmozFkHYgGqtxx94/3y0pMKtDOvE=","QdBHKmHmbrzF+qpMFwRpLDDSHPl5YfDdIPGOTgOoD1c=","mOQZOHeJonTplniqGfiT0yppsE9b/pDlQWoiXBma2YY=","Fq9Cj49uqZ5eDDcjW4jCKU+HsF4XJ3CdU8zCiSoOGz0=","LYpNZaDo+SWkfv1jEljed0tzYowHC6NpugmBbX3i70w=","mScXIHGb21zHUKyFBQoGZLxyF4aNf0ickA/q78HJdSc=","On05QC096dyvy2LtMsC1KROY96db73Y9Avo/ZkgFHBk=","2ByI2/oIyk8tQZrToSgwachuU2BAwzCi4nXVqzW1nxk=","HogsyYsHdUTxCQUGNfgU57gm7i9FD1skA5rRBqfwkA4=","Tx2HdoJW4e4+PsbN3asZpBq44LkwrBSFXdXDlDK4+pQ=","nsqTcrjWjJOBHtUGtv21EyrQ+qCUALpErmAB9u3VS5s=","aK2RkBsKsubCLioXudZDS5UjihPuxkCtrEU/awhFCx8=","tmr+kAc5EPU0NlJY4E/EHuxphv1ZCf1fs91gsMjy/z8=","SaSOW6f6t0foJ4TsnhVgMdIIzA6Q9zj1bdVb/u2yMSU=","B2ciBhDE1W3GVpAHjzIo/04YeJLvheBvHpR1ZfCt9ww=","yCKEYOb6zVKcaaOsUHhlh4punu3c7vvpjwrixNSO1Ok=","0C/cfk/W9+5+yiTO8Htw16Gi8+u3OSWQDaIAJJZ/8/g=","CemBCLTdZN/6lt3F9cnlRR1d9lQFBSuv0pE05AZRGHA=","9ROXMOtPmtcURRH3mhozzJHfXhquKO5yqBkEgRcgLDk=","lHDb3+S2fg/H9s3RTjxbVWhdiUxy/U3/NPjCdGyvxUI=","rDCqwSeZ4DWZFnEOvNOX+z4Z7aI87X+fBp9odHX/AHM=","9zI/W91mB3LAc8zW5gp7UzD05CGQ/ZmpWmteX28t3PE=","KhyWMRgMClmJcZ6Y8sQJ2ES+zuDYVC2UuGmptNn8fwA=","5H8/C5kJtFBFqBtamAGDhx7mgHq+eXqaDPUEBCHU++k=","zGRauctyH4CFkAG0t4OPrBiVoCCTuUYGWVi+hvR9WSM=","NYI9msh6B6uXmOESRoeWcx4X1uAAGS0++huF0ChuY60="],"block_size":4096,"path":"tuts/boxshadow.gif"},{"block_hashes":["S6M5uoEUeHnkTmSeBQS9X+Oa3eFhxLyvFbAmHsDkyZE=","kQhWuHEABEs8xEROnttbTOCyUm57WmPxEoZTM2J+H3c=","7Q1DhXQIpUI0/HG69PaX+PwO/Y1pltsH1gt69jsp9ys=","vv2eD+PHb/v0hYPCIjYfBvreRfDUiM5y7LWKtEGeTiA=","FPjl7cx60qVjHBL2sjhMptDBMkL0srHtFT9BrYtTHog=","BbS3HX1g5qP9iyO0gPtmiT05nwmhcuNhOiTG3Y0x9Cc=","jyVJsLi1vGawkVa6H7q/RPUexD+bsYPRR/wXXaaGsKQ=","0cSkVFJIeQHlaTBqjC8yZLfbl9HgNbu989cl0x+apbY=","14YKPABBNq559lXJDcf3okWvtdwSmHyFIDq50k1lq0g=","JRcfhVCFdzT81YH2d1b5w5yN0aL0V3pPvY040xJKjCo=","naYlNbCEuamhBJirlqOot/Afio5ilD8wfpr4lJxqXPo=","qPefNIZUO1K1ICBX9DpBQtTWAc9fB8balDkJGW9ge3w=","pO+DNmgTWL/PYxjW70IX4iMVvqBrQykd6h5q3biIzvk=","EKy/K5t79cowb6bOTei9j7XrUsZsEphoxjpgFgfh5VQ=","wT+rzAZjz+augMzJwH9nhDBg7uUkFlOf4JEpkyEbGJ0=","3wjx1qKiw9FcMQP4ur7/Geie1APiOGujtlt3V4ypbpo=","GS4lWi1eTthgd8NfzqjTaRLEEgwKKQHhBhQhGeV35/4=","galLH88tOjffrxnu4FB14K2mz7HHQZbZxCpwJQCYWys=","7Uf0vA8LhNgqf9gmRKAQFBxk9k+zzveEEGclH7GFpVg=","DXACsy+RSCOHZwYv5Guixy64LiNwKkW8q/U/ZPCeTPw=","j2bCC3JlfBotlVeOAkaVn4zJpBP6TygyBMD4NMPY/aw=","y8QrayXj3BmMhrmdexMhTcVn68Y8qSpPScWhPljgtUk=","cH/LP34x5/XWxQC/mkVzw5d2DcpNmWJo62gW0vxs75E=","/6DXhe4LRoySxzZ6FdstpFzAJQuA5RSEHyb3z85g/i8=","n/hbGtf+6Zr8oxjwk7FUB048k9OC84oDA5eKs9KpUjk=","FpoW4pdQsoxC4rvNlL16lePcFSNJTmM0obSzmcFi2wI=","9JDFNcGD3tV4y6DLinwn8c3Evs0twBESjfjkF47RznM=","aUREv+KLoBCwOS2usQVzlDgMYI6uCAY+H3R6SyFjyIo=","XSrSTekfWe7USOIwIwOn7tixzqmoTMUrSUR+PTJ9Swo=","5PRbxBWgwBFTA9W1gdxH6N7/EGvhVat0xrhdMeCMIuA=","Vmw9kmsGP2TIDp6kKKApNT9XPNUhPF5ksxtq9snHGk0=","nAzYEYo43WFZSk8Ec1oK8CDG/0BLkaOGYTSGeoalaCI=","KZsjRnp4cbij3Ytxg4xYiuSJCuQkQtI9K+HWHL1MX0E=","J9dfEsh4aH+NKVqo3MOG8dlWF1ZLR9GZQem6dnu5ukw=","BJqAN7qJGMt/IFc9LWvba+cdHtJHN1bOCxU/Q3f85KE=","UkFCwvPDS0jGR5fhQXCLv3hjW0I7ivvRd8KEWD/jEFA=","MYS5X6sIroTYx86YeOn+77A/M3cKgnvVhLpP4HTRLTo=","sis38u6iYTCDYWDJDa88BN3jwJ2jB9Lb8bmjWZIY8hc=","xBIfe/mJeQjEVT78j72jskRmWGkKALPyuS5DbybTEjE=","iv+HRJz6VghCrkUc2TW1xPLbWWZy5LA28LqAzUYzxcw=","IHb5WJLXVa1D4uiVBPp7Z7ldtt6ZGjArJJug6AKK9PI=","hih7XpVlBh3GZq0sDt0Oo7wbGiA/niym9TeX4ejioEk=","KE+3Won+QyXKQ7VskuYPUypNQDcvyEXbbhlYHpU0WQ0=","njvh1fjFqGb+rSV4L24T01Q2T/bm72L8K7k749vTqtI=","M8Y5ri1LJlg4v21iA52He+AuU5cFoAl7O1f4zBIn+ZM=","H/5xwRUENFd+YcwilqZ4zIv549K8yXSknlWWjelrFbk=","zm7+rLMgnbIKf23yVcWVB8Rn22Knwo3kSMvm7Ek1zl4=","Bq0MQp+EU4R9zfM4M1+lR92z9+ljcKyqkMpcKzr3a20=","45LuVlMfEy23qydvvW+eX6uxqCb9GB4aQ1t/P7J8MRE=","S58xqQW1D+yxwbkIXPH7bWg4ogjQNWSasR3EE3NND40=","2V1ULuhY5Gad7KWEtkuaddQR8kvydSYwj0DG2Qb64VY=","pStPs3aatJyJAazs7QeqqvDiihCkgi5BwM0hK885tAo=","uoVP93ZBPodJ9z0kDuidfrXppx8x0ucRoAlN8Z90XAo=","/sMwJPEiDLWdIDOWhVGLCGLGHl+iPhUatFmAffX28vQ=","Frji2QI+mbU7oWusGrylL3YXaPSTPsS1vEDCxq2gveY=","PPshHigjWQNsaB0kDCEoU41f6nZlLZS6DX0K5g4KwLM=","1g3EvZ0/zb58I1bDVn0quMOsyVsCg+hO/XnYA3Vhit4=","ih6VrLIC4DdNGR34ztX5GtaKziAwpmBEOeq1wt+J4K4=","fDZY5UBbAPu6XMBFVHOhs1OQKELUgamT1h8tdHSwc80=","oWLaKr4a4jzwx+bfV6uSijKh2NdM8VsquEpWS/jmhPQ=","ztOy3sE37iZjPKOJQIOhgNh+Pz+nLXsaoniTF3o5BfY=","Ry8cknqPxoQWgLPftvP65CwQ2kXlsbN2pVUf8jQyccs=","eUcp5bfa8hCCYK65Bn5v7Vu+yUB18AqJ/tmsbA55/MQ=","IwtUJnnw7MrWHisZ3tI/pV8T2Hyfn8o7zWE6KiOhcTs=","cwRtH2afZenULghNIZBU2paVrny81f4coytvHxa+AXc=","776t+dQEGwq9W7Zv5Hg3Fz6BFunu0E5sLumzoimy1U8=","Om8ClgJ7kx+lWjIXPVYbasrLU8dEIAnVqfCgNibi3aw=","qqeRprtlE1u0ofLsirgQzAQsDOfiZbWWU4v+C6eJzQY=","L3el9Ax/TCywyOKIqyX9DRsWJd5Ix58mO8lRkO6THFo=","5MFowOek7mHYUM2VFsZDZNVfbK+tx91fIjwLkmdRIKI=","mG1WSg9B6CE6IdMSsWP1wQ4/wdM+msENGoGS/erryl0=","6P3VcDwJS8nnywzR3tjZM48r/7jQDFNt0kDHPGjhW/k=","lzcAaruWaRLUn2u3GaJJYFWBllZeK5KD0RNUQO8g1I4=","WduikGXl5rXulLzjbMC6ddWLbIRfgw6wgF3qMCTrmww=","zHg+kGOXE/3720rCfdOqc4cgpxVd1ar3+/bxySXUjfg=","g+CRTVjvJ2X1lui0Dn1I9xD0en1yIVgZePYYF+yiEPQ=","qVK4ZNnz/STneZQPGTsxG+1WwR5odJhSqT0e5t2npzk=","3spAyzb83DGHKdTF//gIjdX1remLt2w8D2u7TZkziZw=","/qNYhRmgcF4fhIci72amEZ+hIWilRQM++Hh7pEHsptg=","tBUg/4W17fKibUFg7rdZAeAifGhdnX4OVSvEFn+ZlO0=","u/o5J87TE3rxZlIF5Z9XEtb07tDGTcCLQ/uysgS6cb0=","qXtqeRJDgaLMnYsC5VQv2EqeCZwsJIK3ruqdP2FcL50=","TAEIGE1VoIJYltzQ1a28SE6e1CEscl6NFTIYj58SES8=","U7KwBI0lVj3QoMND7wrPguGpTL3Usa0QOu262B7uVWk=","wNdVsMjDW8DogQl4yFGSx42HsY5UxdbdHBWSKGpWRYA=","T9SSUtMTNOonaJL6flzMx7owYZYrUgFwGCgg3t0y5UI=","bVcAuJqq4wTNK+LbpbNqlZqmvdTgOBxKapIJypc2dCk=","riL+O2NzjLz8kX02rpLdVZTByYE6yE7SLqxIo1c16sc=","yCDr4BICp8tLnmPVFMX6uFCHSDktE5wFguEEeWEeGwk=","+DQ96zU4Ytt0rt0TADyu5kKW7SvjQF6SDyOGn847V3g=","fWxSbb10oJejve29v63jUuNR3z9L7j9XPWMxQkq8x/8=","uxaZJL1Ujk3D9i2SecRsd9ASLWaBiTn0j2Bb4/bsbIk=","5iNH5+16LVXwUj4lsTwdcIHlUyyiiQHaAvJPoaKW3W4=","loHLqvj06WFgAPdgf7H4rmFKpHzDuNALQ3aMA002ai0=","TOkac90tgdqlgosdqwnTaPUEQ40kSGTuhV8bZn8KLCA=","N0sqFm1+zj4oD+NB9V700vJ8lzYAJT+2QohKn4ZxTIY=","BHTue0MtE+MJ6FOYAS5uHsnRutaSg2JKEljhbxJeOE0=","F9ORgi6D7XzqCuUYNVd4zoV8cxf5Hg4vStTKlSyZ8gM=","P8I6pPfpZzXp3nhi+SeIWadKasBFOJD7Q0FtLfusO3g=","N9UPbQghy711xyDb58xih80unzrvz0GWSiPwt2Lt58Y=","i9tiED6xnOjIgCSj8f90BwkosbCf2sHwouLymO1eNWc=","DYtWho4QUXryFodLMs2lgKpFT0AHEnXNRcQ9izyW5bo=","6DGAs6FOtI5IjKrcs9atNThaT42IFwauvTow9cI1yh4=","krYR1VrzcshGeviFFePx3tiHN+7uZzXBFDk73pDt1D0=","BuGnjbNuqSky1BEErenYADinpqdj0yvcFlT368cJNXU=","g8utfjeO68u7gvk5bE/x7+56SEIgl0YUKO1S7o27MB4=","4bLOjM246ZHkHtPe9fcjKEQLK5xvIAqeUgEAOtqcGxA=","26v9Z/yYDzlNf+RtimXrAldKNDW6CASHg4uH2AlzA8k=","sO4Rv073MwV7D4GeWUATK7+vD6EQCd+CCkqd8R0wgMQ=","VefqTj4eUU4+iS/tgUbRjx1+qc5fkbTN+gWomJawFkI=","L3sIKYFkakOtWbtV2tJfDkxc2Rcz2M35ZRKZT7b10Kk=","rlVVdUnElNmA3u4vPnpRIq5lipI3mQMS1K9WQ6zH6Dw=","ThbBol1z7ff0BVIo5uL7MQUKPL+7xdHnBjQYPGMQCCE=","eq/hz/+4YAF7JCQOb86rgslr0rSaAEzY2NyPLx5Y74I=","Qx4hQARjgxWr2BKlagIkOxnlTy4bHm8Mho+vIDnerVA=","MIwmrXSL/pzcL7mCLG+kY/lGbt+4APkPooVnVRgROrY=","CUDfpYYVlbkI6iRgaLg1W/i5KXFAk8nI+JMoK8D0GQQ=","Mg+BNaPv4kib35TXno+wC+gGcjoNt7KO4POp5yUzLCg=","KHjHIlSVfAxZ3lcP9Hq4uKT6ycGMU8zwog2v9e6ID3w=","SLACyG2CqNf6dLw61TzK8EEc6x6O/jut3oI7r+3DcwI=","pDALUTWCsuWrPl3XvyytPb3BGRDsagMjb4mR0DD+3Nc=","XB5Af4P7S3/kn2OV1EqSKmYEXFSL1xlz+5/XigSngXA=","1Z2UCsg8P9FHkqzVjw2hZuMk+2UP580BoQqirrZdbnk=","eGOoFp7IFOuwGHvKB5+cIMyoSsXKcWNPgSdbu2YzXg4=","Dx9cnCZjuU0DGbCtXM9K9J22yReBhwSWY2+g+98Azas=","SA82e6Bfdh7dkUo/u35IZU5EBKffTHawxuOjLAktOIE=","pw/eUhrIP5YOPc17hkfcWNDtJGViyGEL4pyuDY129tQ=","FpLK/bl0yRqIJAP+qz1B3MRRXxW7cCnzHHa7+/gZrFM=","PltV5tdqW5blzH3DkssxspvE3Y9AGLLLIzfvQTTQwOA=","7vgazY2nOWgygVU66PqREo/Fn7+Z0kQbwDbdac/03GQ=","uRNu27x7C7+g4dL3hiURWU3sYlDpzahq0iKZvFK/WPc=","7f7VenyFUNVKdvAAjPpqKgVuBUxX/K3Hvmnzd8BbZ7w=","ty6++dJDjCuvJgfJCUWWqYmTuDQzzv/N+Hrvy0nZ9QY=","ST99WwdKVxzwiONCM4l74Yb7AeyMOD6jlkQNxR+/Kwc=","9Kkd1lRI+5E3Wiqus2rpWy4HnpFJsPIHicrr/JLgITE=","SIjqZfv+vBQDE17vIYqFq53iE8nP9/2RvKoG8VZcu1Q=","jOJeE6BK9VdnPIVMo5cQLDFWnBi6CphZ35IwdQjmOv8=","eq8nuDux61Xex+vlzzgvua3CjjptgOzbuu/2WMpsA7A=","WAhk/oQc+eMFdfkCZO9IQQJWYzflsBnbJbG8aFH2rT0=","Gi8SuyqVwMuyhbKhA8nD+CTxdE37NV3BB9fmdHvEggw=","M9A+jrwN8M2H21u/Kum9lNsrzzM42+V6ZHX5KoaeZ4c=","6oeVW5/6kg6w7fFNyhetuUsgEeVdsMdwRUjI+FjraNk=","4ZZd4IU5gmef3ahgjhl5CeYE1anyDhJqTf8ZeX1CIfk=","jJfMRMVT46V1/6t9FXAAVAdJUF3QVGEkB2oFlRDUCEA=","qvxkVry1H33+KsDof4yqoHgc6Equj6RVkkZEmCs/YEo=","+v+GiMlLEvm3fo5/63T/cArc7BEQMAQDF3Ru996TjGE=","vKS9KAnonA8aGqkcirQ8LSHtdk8OkeK3DBNRhdIp+hM=","I1C6tXNVxTxXyNoUBTXkLD0A0JcY3lYsIRAFzE+H9Pw=","m865NTwxE/kyrWg4RLnyyBe0QJIxvDCUlcApES1NMDY=","XNCTnj9jNnkyCl+H00vNyQVJ562TZ2BLF7aYN06iH0E=","uQhrdOcnSw0mU7NEs44w9Ov3wx/yF87fy9eL4dWG7Kk=","6xo0cAqt91qThQ2PYBVMp2Q8BXPk9EoDA/mClTzcq9E=","sXHmaeKSsp3CTnr6f9/XLNwBjGuGuygLIY0yEASBKPI=","qyw58UVs5sLd2k7IxpdcFcN6hI6tB3ULrgClTCxU7+I=","rrUTFTo3NsLHCZPti1BmDNA7eR5G+qAAf94N95Mu5zU=","5/b1UKWM3boLMxU8K6dBDoaNc0xNHujn7zI9fIhGlqc=","MMA447vIB7oshiQ07EJxMNvY7WwWx9b1PbIxO/axpo0=","CmS2Ta/X0xDOB2vO4YimyaES3IUgWMbK/arNpDmM1gk=","bPD+9D2YqwMTzWc62kHFHtz35m/Dlu/8UX9w245FBag=","/ihuwZCN4gFDQRdDk6834Dr/w2xBMEzvTU7RnkmY71I=","cwUCVbH+C0anNaSylMxdcc8/OETTu986RBnDUNpYN3Q=","99ubo6+xhtrh1g7bq12efW2Vc4Mi5TByKwczto/xGUo=","y3Ebwb6P5kLvcEEIROAuq6fEoHmV84QnN76KIdQnA/4=","Sez+bYKZd8w+YUeJ3FPWxxi197CN5ZYoiLRuU+1gCfU=","qh0GSTRLFdc98ME3NQ6E12pdWoeV3KEelk1iEzMellk=","q6DvoMs06UqDcnkVfiWQfNEBlVQbFehDS39ary/j2mg=","68gVCPV0qIS8ng++XHJM1qnmoYJ26kDdXam87oulhYI=","P+iPnH0KqeQKV2RjBCysTluj0heMpyAmDdh3KKPkV1Y=","471WXiularMy4WDtda91DubOdI4WZ1anWxjyfQFLoh0=","byCpEWS1BO/Cxynspf+wJtGCNqN/f4FgN/JXdQQVCN4=","ZsIq7B4ng+D3lw8xgAOUq2phL5karVnMl5J9koDJRbw=","GuUsZPnIKvVLOFw+0qC2Tk6uJ32/v7TJEo7yqPy/JzU=","3y7L9iMtbh1EsrNEK3QucoabVdD5fnLSKnynNZtplOw=","UZU4wJU8QkS3x1Y1kR91l9WuK9f/n+Qx0CAXz/NvzdI=","IHg8MHPAWdAv8eLUqptmkE5z42pP+die928X7NzE6Lc=","TqnBklQbdT0cLVLUpvm9breb6Bw5SWZxdMBkRvh3+hE=","r7FgFRHn9Egddh8bIwdfH2njszc1/e0SHZdRJm+vKRc=","fUSfwbltxRcHGKxCeKqy7zUAt5soxthK6fj4be/C/rk=","ohH8pkOPFI2kORccY+wCnawFpnhyfGUauB0Ki7423rs=","SJ7kL9Ha4mYlZQEVPLILSjE/q3q3Rtor5cshZwFHDiw=","pnwjIQPaJxVgxXBBQKotfSc6eMcKEB7JN2o6mmK255w=","Akzi2UUx91lwDyn+LjNWApY4KBKKpLW9zA3Es38ymvI=","/eabQNS3DFr4lkuaxZww+1STqFm0ZfDrpIYsg8meo2E=","bQEUupsdrzusOw+J2/uoSORvUr830Rnt5+YrehuAfsg=","+OqUlRKmK40jCWb1hizB+S178b8kDqhtggQXs703oHQ=","x77SjtG2H7SPtt9X/KTGuh9Fmm6H/Y2h+ZNCWMZJWRg=","wW3kZ0a8jwnkAmMqAsMqEEqIPTWa8pSLod3m1GfkR6k=","cG5uqxSlnjx6seBivSi7RtJNgzkJ7Pn4cLYKjtbpAy8=","wsUO6KU5ZQCmrgC++ZjjVnMKdNB2JIXtYHqejYwx+HQ=","8mSMUxivh9DHuG8I//65CUxOwgUrsRhbGHEVkl+MwSw=","U8f9sd8r9GZY8NRfTBM9MsGD+zp7oSXfs1UmhK383sw=","LvO1yNCEdbLxwufLSnBl6LYLN+B0QmZz6+UsbLdOgqU=","a8Rr0GItn3T9xU/O4CGv/iDiPFuxZ5T33DyOW0C4Gf8=","tiE3+lbwTe1wUAJCtlst+MukPggKV+5E1S6lAaEefic=","n23yO82RWM0wSfK9pqspBujztpSY5pPSAiOqfg9HdG0=","IqKvVqn5mMizo3fIEPyV7yRvppuhtTSXIhx5thC98Uw=","F/DSZlYAaGhGAbGmfCOJKzG+nn/MVDrCa3lHEB49Mmo=","PWgnueafPpjfHqFg7u4ySkZmITu1GSRExsLKDTeOKvw=","SzOSKFhXiQuw/me3vHbapviqjMMXHV00a3Fl6brnnNY=","KcJUpytcNata5xr9CpcjrWj88zlGSunqXb+CySORqso=","/gumd4TJawrrJrNvXHi8a2WelvRwxpxJcIshFERDQQk=","pmzPWRijwEC8hPdtLlSZLXGeCW4+L72s83kpCT3COjk=","96MVZc0eQeX/jSDXT0YJYqAuMWTl3BvLmoY6MoUneWw=","WF48YCNnuipRoUMzYBzJBBQJULsGBDZewvxjZYyNIDo=","bts/R/vRI94oBaBM/f6YRImxXanuuVT6FdN3FOPXH6c="],"block_size":4096,"path":"tuts/font.gif"},{"block_hashes":["Olsw84V3b5tCOGXmztbAj6b22rk07bWKuldTXeUO290=","xLzIHC1IOW1DJ6tFTGsINcMkknDfKQqHRQqGHW0rpgw=","G8tt35zAhD+ljaXcIPq4QIAnCRPxk95swZL8RkDY/Mc=","w3uhoxJzEmQCb7HOMDcqegpgJl0Q/oR7m/+l7Wkos1k=","0SEyb24OrPMFGAeBCsi3uLDVwtGIGJ6om2Ilqvf3mlY=","6IIJ0ivc7VBnoEeyzSQ4/IxvYJsbm5DQ+x8NAXrkIAA=","Ekh5JuxNt0nRLhC/mBEgXmQVBhHI+W4/d5CJWoXK/uM=","p1ZIvtvnbcUQ/ERCxaZ+gyUrygW2PYppdDxErIPHhHA=","QTBWIpuiPXgDOQ0ptCzju1alAi1XWK8zXMcWb41iQpc=","XSkhNE7XvRg+tkWTp0nfi8t0By5B8wAkGxLB/8612WA=","zW3/G1QNxYRKzwBGxBcMcrfqwVkGv6yVCzQftOpi6Mc=","0TJgXKjhDX1VcFA9Kq8vmifMcFpWNd3DRS63PUJOtnY=","nrd35A+CmAkl6a0w4iOubIjOx85WPJ9gaGkHJ+0Ha3o=","sU/V99VX5B97UatIX804wcwPMu/9uAJpS4Fpj2bhNDk=","1qK4r59dz1Hy+0uAKHWkYWGMh/Af1WW5HMngY7EgxkY=","b8OX5PhYEyez2biDTOl8Fgrc5SVVu2glSq8/tRmvgUk=","aaWcD4w0/6gYODw2bFJPqtuh29EPhUbpeLbVgDF3In0=","MXtQ3EeM+kUBoaVJC9vWaChpddAHtY5DjJ8E31GiaVs=","cFz/n+4pkMi500F6uKVTSZyS7B0C8WJLb58v/7puGDA=","6qJecGzP7M+mWysfFYjOLb3j+4c8f5I/U0wNH93Xz4k=","Jf9wJlYVHvaNxRP2VUq3ErQRSfKcqf8CtYWy1h+X8YM=","ZcZDdZEYPF8qjtY8vCaQkhTZgE3e8639niaENZteuAk=","UCUdgFEQZLVMOSoWLQDvDT5FuhGE/dxsDqpuAWxfhd0=","aKBs6F2w7McqVZY9wWUa/8mL2CE6a6FSqewM6dAd4mQ=","dOXOCFS5kGo5EOK1D79Q0ENRHzSTluIwpJ+Hq7flXZU=","HE+4ibwMDpqRNE13rvmN1fYpzAYQ4oJxPXlhJ5yYpIw=","VOc1UzsXXzUNKyM+dB7KUMYgg0fk9bPrT37gNsACMF0=","sfZW031Yb6Hxbzbjmfu5op34LBgPF2iFcv5oOlCKbgc=","9n7h5k28ku+oV9Imc3SaZpoXhaEYQSZqUwCE2EwNprc=","4bEYI4KTOOcVEBQpijI6Sc5zLYQcUgfZLNDVyAgUDBk=","BIoT0bkCy0W5vztiup6usbehk/fiXnzAYcBMUQNKJV8=","hQvhBhH3pnzEbg6vr6xJcxvAaXf18fuf4QEZoiSCOx8=","IgjtNvNYfRewHfbfg8GYlAwdS7Z4Re+uxOUE42rQm7o=","tRlyoLHIEwOMaIbdlmHUIKGsschBh9gK8AfDwi7uyyA=","AkJIPUFa1+zfrFJUNQW2joeA/ZDZrYo3IBk440/O4hw=","EdINdL+JKHTYKcwqZqUUoJbBLQGcImzLEmJWuYQ9Vho=","egr4Zcim1/aQ5q0kzvfwIQ/j1EB4nyTHBLNiIjNd+2g=","JpxqkrA7ZvfWQK7KGj24HfY4R9NWT2FBgsl+8Knsfjw=","KUNoms63TVFBBkWzW3jb0zqrRWVuFOhOqgdccjX1STI=","5620wvG8ihEVqaVTDbnX0p3tnI/Z6mIwdfexBDK6CKU=","pi6W4h1fBAIEz8eTuY7uas52nPRFwB67isB/GlMl/Sg=","cNdtQW5zB2g0GZnLbYSuGw1cXKhu6AY9ij6JlWPyzWM=","JYW7sCldvPqCKiEy8kpYmAYqgoVitMoa2aLLonR+rVk=","YxkTJNYxColb1Erla2/if98fVMQQ354+HAcPGi7Gcw4=","xQt0D0uR2qd5GrTLby99vSw9WGx4dAEUju45qLOwHJU=","XEcT3PS6zd3+g6kTNyFaJIUa3wcRckEVf2KKPK03ulI=","kslA/UYpb4s35gL2XMsAUnTLw6lL0RhPfrvTjs6c7+c=","CdXg+TW/R9a1ZO/Wg7y6Z7IQyAlp+4Sn6XbacNB87y0=","Nz6hjkFbsMmQCxtVCXZ7rdfSS1YJmiCrl1uw/5nB98A=","cMBOlI65kl+I/5Vuq0jndbiyGYqwhRP2hSgvraCfxI4=","cxscipVRZjqsjSbho01LN34RTpzqKRVJrmvt/xL8OFI=","psDBLWbK47zbv/lrbHIiStBuv20etXmNJFWlJmC1NXI=","TG9pA8nTUuQ49VyZEslsLoz6UhJhuZoocXJ/wla9exQ=","x/mgQDRlMgCDIjtkbOsAbw32aTn6v6DQSldy9k4CV8s=","5XG3QNIYx55Yn1r+gGCciJYhloXf6H1boYYlUE5s9lg=","ojkxfialOlfPa86WpVKQQs+7gowIaYe+yfBPOyrzJLg=","UGjTW6SkrihMx77xl8q4GUIcr/HEI9olixgeEoWlYcM=","FJxTjALoH3+gGDCknCAsOoizFooEO3vaWVP/4X5m1OM=","4HelxB1Z7TT1sWbIIcR3v5qG1Zf2EtIaq8GAGllXqC8=","+vSH4cAkXN4VIpTmDhChRm14N9geR2VJTtHo1IaSWc4=","Ii0KcLWV5eMOIxiL8IY/gdwKQIA0yP1rwbxCHi/C/+Y=","LKCMXmr1emGSmiG2QvNN7CenPJyJ1Fh1eXSap7GMQuk=","RCNFBD3yely6RAUhdTax/RUrnUTQ8ayWaXwdT/78N00=","HfixeFfgAs2iDGReplJCAkKeQNLT9/3bPpXDEGaTD50=","Q6z3qlhOAhvRM3JgmkduiASSeyD0bYp1WsKFIsE3g1U=","P1TydWetTrcjih4Boa1JgqfZmgygD2GcqcxgVhkzS3w=","cNwokyHt+ELOCbR+Eyh9ZVMBKH/3M0F8Or3M0zW30hg=","DLENCI04ArbRlejTw+TVFcgU0WthmVCInH98AjzrTws=","8CQJfHpaXHuKxCll95Z8eRa6z9tEdCfHJnCYQsu9zVs=","IMS7edNzNeGa0lt0AtaAvfeNAAEk9t8doVOcKueyZbI=","ENNo/C7hBM/rZW1eC9zuaYGbfvekeBe3RCrgL1DIX/A=","nBumNxbn44lzEn299mhb5x9fihAeCnw4ODlQn9leykM=","rIFIYxijQQ3u6FUH1QC0cqa8Mn3pscvs2WJP31wq58g=","XZUyzTybMja2727Fvs7W4MNLVNOnxWpi7QysQenXn4s=","hQvQbPNM5Ln20LvcGdO9eW/g+VGaDpZW4nL6mlnYjKs=","A/PzFJgsL22q4/tTQBygb3e52Vr6CXypu6szT8P+9Ew=","T3J2rf+WUG9l6Blsnx4N0LR9hR2oHaoyyTW4wIUViRE=","2ZZcZ3FQEjBpdOhcEuIx0mTBXyRf2Yv8H6biX7kMyRQ=","l7nbv+SXbDwtzReq5XUNzO1lw1x5Q/yhAfwoppIyxSI=","QWSu+DLrB5KSevYN+kpsWB5D6N4IbdS5FJ2et7NUsw8=","fODW0ivFRF3+X3eSobq7Dg/AaLMxV7Uj82BqtEh+GZw=","W5CRWR4hIfZDhXzKZbw2k4TLGHJ2zo4xyDv/l6GlJsA=","sHYlantn5ccj1MChHOmrtpiD1Gi/NvSgbmkEEOQQ+L4=","jE4ZlW8ob1+sPWEXdLDiXOZqYYhkGZ8Vqlz8vFSTkYg="],"block_size":4096,"path":"tuts/guides.gif"},{"block_hashes":["0wDCzxZ6kxRlz4MgBpgJacVOZZOF9wqllIJ009+J4w0=","WkpgBlw4YYQ8j4XRwMuHFMp58VyAjmFx15ls1bRsCYU=","HZboD9PITrCMMIuerLBZxY9bmy16jup3A0J8+Koxwdo=","62mAKZYJZCzFQKyeIjaw6N8TCik9JyxPwxJCp7YJgbQ=","Lmh0kiHRRDphWB/Xabr3lE8IFiLSwprfbdBimvv6Ayc=","H/bdtRltoSIoH5HJZJP2MZJg0GupKnAGaOmfUVgHp3A=","629KcvREJmzKGIaoxhq/3QCsH6ao7uaxI6zmALxfOu0=","6c8LcLXZwK36MOqlzzI0JbjybqEVxjjPlnHBATJq7Io=","GxuW5Pbptk1Y3tshwmzj8zdI8XRCQzGyI+Zu1yKsp+A=","d3Bvc37nGLggXFdAdAaMbWC95JyQAzpDXODO7SwUQn8=","rWo6PUkjHYpIaUMDGrm3nCn2pBqQeFJAEbDP1uAuRQQ=","j67P2ZrVVSPojF6h66lzvIsT5TVgZJqTQQtRkyjm/BE=","z2DTwHywZFWfp0QpEBIM4qKN/lNkdel49le0iiNNq+Q=","NsE2OeMBqh1dYawpLNI2fzGhgZbQoCGQRlzgLKRh7Q8=","lIEsQw6cfI2Rdfex/EVKj+n1bCvUcsRnYEthL/wVchU=","Gd4FE7xCd8W5/+f7nFWyx/0heUAooftXZx7Ma9ZYgGc=","OPRy7LUk7Kl4YexdU6Sfg3sFvSrtuHlL+28uXYiVtzY=","YZHfNYFq6yd21WbfCoKdWQk6JyJ06SmEUXMErpjisrk=","JgBh2JmJvkRyev0jg/uxoOVb+5L58Pg6YX9Xjff+59o=","xm2nJEo/H7N5J7suWwtBIWtdIUGCn1m+IdhZUvjQwAM=","KNB3bYpWmGNSDKB9i5GjBYD+amCsuC4WeTtx9SVkHDM=","6px1Kpn3D87xRK/No5+ah8bf7fR6Tlwts/n/lf1xbpU=","n+rkjOk1Qqu6UHWz6XtUCfUNx5SzYacCTsQvNQdzuhw=","NX1DKOTlIBob4beep8mXgFTZe/O7FAPlDZw+p1DVRUk=","GLRLQ1Oi7BSqeMj6KSL4P1P9/GYv7LFoxXd20Ulw90I=","ePJE2YLwm76xZnPJCu1YQXkyV/mfofHK3RK6kUMcDQ8=","jwVuOM57m7ONojdKXe1B37pIy1zf9usD+1+0Bwe1cSU=","tHt1sjl/rmc7W2iUDK8/7QvTWkbYW2J9+xzkVZGSkGg=","CD+fQy5oKW9ATEnNSLZO1A3Oo2CxTE8Tgk0zjgC9LPk=","r+dzjRVYMvjCzUUPLpvbANsO+KH01yra8n3ScQ29z+Y=","FAdnAA3IvxgjKBuB3w1XhROnIyfRF3t2HBc+nngh1oI=","o9KO/jUwev4z8No1LDyPmcaFhMud6Y9HKZXD8ygKWUI=","7qeo+s3DC6FxTSjKASsEPX3NnXR5VVrGrzYDC57pyzA=","YRHkP9tV7jG2bUU/IMkRS1c/BWPfCG0NtlCoMeNKzRc=","ivVXesCKh+M3HVM8sPpEJVy8RcBrwRdx5Q2NkBewbvs=","G6b2MOixRJIuYnGZN0S6/PKAUDDmvAofKYVK2ACOvq4=","ePGZWO/06AoFwtr8pPsJ0c5VH4SaEWrRcfxQFFxLIS8=","wxqu6H8xCXWwcGCk7YW/nthKhz4mv4aDvXihXJ36eqw=","r46VO4a0/W8R8bvM6qeUVkLHCkJEJwzc2REzXL1wwyA=","NSWf4ximem+/TQwHSQ3ezMDmfnafooUNM3MRIlefxis=","Y1WHb2o4Ar9jB+53ZowV1WTmpy1xuWk/guq6BRjSbbc=","bg5/d9o9yfmMaw6BN8uzdRxe/xMN4jdNoGOPpoSCrEo=","BZpvjQSkDjiO1/5ACH6VV6Tz2dQlmGH/Jv9ZesBHj08=","sctqxcUB/cKacDZLq+gjSW04VDj7XrazvX2PDGw25D4=","LrI0MPI9sYCngG8Qszak7CA0MNtwtT+gUe0eiIM5HP0=","fb+ujFHeTAtTrWJuSWWcNaBijY9FT2IMgnJKKrkYwxk=","fTMFjyzJjxGGUmcdud/+eF8ODN3DQUGPGlBSADmchOE=","PAcE6+INlsUwrSF1ZK+6XZX+M3Cbgh3t856nGap2I5w=","Z1Ipff7j9vWrkFszbeCmLTgHvi9T0QG6scOLe2+SlTk=","vC3FAn0tPOJHlUSxwd2/eGVIntUESibSt/IeALfUSac=","CJPjU7Ct5MzHl3G7t6TP58KQGYayx9NDgCz1dcu6Nls=","BF2iaJ8Vv9i3IUJxm+h4kJpNp8CjhuR94rHYAZytrd8=","DZhmdy37t63xdeulnFyZsVzoTo0jMWHwH45Ae2dRrZM=","Pr0XoC10bqVQyRTgtWFe/OwNkpabaWHcBPJ9zWdCb8c=","q+aTknoayIB61yef6/JB11YNDgm6ttTIfhAz/9v17G8=","va3uos+UfcrCSf4TPdJN343qFtY/KPgq4Hm4ACYDb/E=","7dQWoZH7fq/p9hg9lZdZQzD0j6ZZbBh1EP9U8D0Q7Qs=","Qtc1WB2xr7hH6kPDFdTMOOuybp+IAeZF6GfbfKozvhY=","2tkhK/+vOOl2sVwE7Cc2JlEsfGm2mckag3KMzkS9Vbk=","l67KGVnFjYEo8z6dK/tXEfXJfX886GsSHgvATtb3eH4=","FjDnBBGROSrqbehMjykxXEMeIvd2ikcL6AdFEsrOs3E=","zOcCNjCMb0Bs88KA0FPr1/VBTQ3hvehvQjmXvp3OVoQ=","79fxhKj/w1bsUgkn0d6Vaid2u8pKfiIvpV1JtD4M1Hg=","TejviWIzNTJELX2k8jLDFLxP4pxW5EFB1OEi+1oOIBU=","Q7mxAISmbwoBd6Hhrv5zM66aSKd9aF8FJKvaCudTt9M=","8uDqc1gNBe7GSErvRgwruVFhZp3YSacT5DrsAeMRJik=","crdb2nzBNW0N+sK2Lb1lCIMx/K3n1RfrZT4QwiNOt6I=","d3eMSKcHLvlqhGn/51t0+85Sew4Q0cvzUTCG2NOkd+Y=","eyA2f1J0U9oQapGFP7SOmodyDuvcYSgMPtvS+NvXuAA=","DC/3REY+f12XNR+8gRkEpWely1EFqXnopOMW1vLKJXU=","1JM0pdsNqIT6lc6JhvlWEsg14VpOt4/qKLAdypNvuW0=","ZcbkyukM1i3MqRyfWvJEBFEZi6SIN5Sec84Ox0fYLxQ=","OSNEltr+vUFG0ZU5OW8FqKRWLbeL1GstKhuLjiOWdak=","saYvBpo0nbxvFyxY+Dg/rp51qqB86J4ekTboclIOXag=","ao9hT1A4U20Kik0Dip9Ah/wqlmhlmAKj48k3TCvQIWg=","0r6IF65SVQgfgn6eUnK6UkEbiCIhIRGCAu1keauB1X0=","CH19xi/TheTcpwvFpTvTVNQw7eSfi+nvMPuiNMnRIi4=","pc8r/io6VPRPYEqbbSjbbrh9axnRSDYvFKQ+Awj3Ivg=","BdGUGTgHxwhfDTzpS3rmoixV7DGpOMYEyGTmO6Ul6Dg=","z2HX/tGLL40vKm4w6ydp2hVi8xR/2oH43DWQY3B7qt8=","PBCtrraj5l2Oq23sGKNkzycC2URaSjnxQvn1A1hsgiU=","nELqa4QbnpJgTSJt4rvfQzhBXIRDFW7yI1wttbEf1Yc=","y/a9HP5jOki9nxoJuWzZ4E0ALpw4Z42yn6TmwGShk8o=","WbRjQlPWucl1jrAHB+85E56h0Lpii5TT4B7LomPI5/Q=","uYCVU8K/Zi2bNU3MBV0zenzDP28MiqAECmayHw4XWfQ=","RsVNEyxeKE4nga+4b7KBuGtNmfMYoiE1iRJuaT2AhZU=","+DcHTF/hOMsRvkoHxe2Gr/gFpAi2fdyMqT0z2pckeFk=","oud5XXV+Lk7H6Fwa2K95InoynIH9BIKkhInSXk8BmM8=","JorjCNtsy9C02LFKH7hxaatLh7xmigjG4V0WzIB7Nq0=","wiwpGbpWAxan8Z/fc0LSOeXLhId6POqTgIFJIbm7Fgk=","SduoBXt3keyRofq+++2mo/HG8E6K9KU7zouhQFi+JY4=","ca9c9xdXhUFVEGE9jNFDX0XNnBUbokDAWKPN4GIALXU=","M/fmLOx3MkecCJrTauAy19lZr7BJjutfqiFuG/JN0sU=","enRI9LrcXKR5svBUfCAk8EXrTtULn5ZqlYTW+jZAIS8=","UmNE29qvizvRIxc2qsRgv0Od/RpF/zqKGIzmc68aRkE=","o0B/LFQvnzutLg8lJb79p/6XkutXb9sw48PqUqI0NQE=","YLCOoFZwBXrGxcyh3DlvW4E2tHGUX0HIhrQTv7jb5/U=","B1i9SyGci8TCjfxfpOpnVVdRd1Vdar3dzwhKAifMRiE=","ZT81O6fOPU35KNoUlw0P6awUP2S1E2w/a39o8BBwTrk=","pPhFW1os/acUhOixcHpwlpjUSutFswO3Cm4FeNn3ajU=","cwi5C5MGYE+gll3DMLDyNVxk1/Ng+BDi8hmNsXHfDZ0=","WeQVHuJ2WGpDN1zUwFePS/1D4QGuyzDgAEm3E3JmP3w=","aTMxt9TSZZfzVpYlDRN7xmCqAyWSG1reTHaucB9IjS4=","DtdQvT5+VS7mUSrjdaN3DoJBK+onDxNp7hcdhL4BTiQ=","tP1zQ5fL7ZKxB2JsoJFQcBd3cNk+SPZ6fk8rHa1ahqo=","67Ph/+lOutwjFO5yLK/Hr2EcBCWGZ4JJODi/XVu3fn4=","2Z67r+PGqEWLq+hK9DM8SxYoP2UeFoJDeuQ6V7+RntE=","9ltonEyo1i6tLsGiBm4KaXPwqUiJ5BKceXCPwGKsEbs=","JtqHTc1rWgBSIgFf7oyeu2G9ABPeifxf814UsUi9niA=","KDJgUzTv9U7eAEOTwuaBD6PMZgh+BR9NfLPAlMBPJw8=","e3xGv69QitLw4JvGI3aBVYWmJrz6+XyWVRydFuXByAI=","NvcErDmj+0NGvzWAqTyyfll4QMFfyBUzgd5OXUoDEfE=","UcSsOnlYpCmNLjjb+FCY/KddN9rnfLHsKUMK7vH+qWw=","WdGmFwryBt243SsdSXQyOAKcDpsTcDj4BoUnbzVzSCQ=","/Y9n0cQZg5sexQ+KycDauABazRe8+Z4njH9qhRaxzB4=","BaVJ2FhjK0SSFOAyslPBpBoMpADmnBDwHqv4DpPtBNY=","vgFon174PNIoKieqyARPH7kQ4ZFSrlDKcLEAzE7qLa8=","fcvFlixCKoyqmEVs+LH2EgyStpUooxlB3ivNPITfCzY=","WWVN79/3+DqhCrm6l45/u4QuETcLd1f7wdQjFsA4uz0=","AWadkV45c5nIPvLRlMw2+yO0Dlwli2mlgOBRalaesoE=","1SxpJxZkUV6QXsAuuvjhhJhVjkmx3Pci/EyOJE2VHC4=","t+fJewmleLhJ5NgUB96/9h8hH8/dZkAyZ/uecfg9AZU=","qcNZFErue92AcwBW3rAd9aRyaqDZTABmiJrf1CxpigA=","KfMfYo38jG2CwKmEB3xEcoIfmpvhCf83FbCdit6IPqY=","LHjjbdXJboPc5YyKg1f0R6IXGjRNJGemk7U3MnT+exE=","299vR4yIFEz9B5JNdw2uutvcwGlZXXZyKYfEwo252dc=","7GlVaKl8ycTUifwBggyW0gXDaW3BhbahJ1WqDx7nP4o=","YdhoGLar8pA/7wvDg/NUO7b65XHxb3KiprHiE7NUuyc=","zuqsmxouZIzlEW25oJwu8BPWo137wjmZ+xUbK4i4Jp0=","yQt7QSbJckI4vGYbBkCjgQbKpEwUwavgVvO9kTH5M/0=","gdqsixEBO1z05F+fN/nEK3Q5qwJLRB2tXieJ3KuK+2g=","4qx7cwobG++bxQfVA47XPho+3vnhzvonI+FK7ayehB4=","4UiZ+woaEfZkX0/Ds0ylwuaQYhCslbeoJnMHGfSNdu8=","nBDUXjUfe6sJNi9xyht0anxX+dQa3ymaO7j8d8Z5W9Y=","WY9kl0dRhpgXZ0Og+657DSMrOL4mIT6EjedGSw/5Ih8=","aNqaRCOEHoExstAwDnPld9ZHqe1ood+F+eOzkXe+hrc=","S+mCMrLBxCjQglKkhrZLV0ZGNmD9zU38lqVkayKeCj4=","NYFMbgmab3ueatFRoUEShvcYobONqeEPkEtURyfaFX0=","pC3s9y5zF08ObwJgDVra68zBhYZFf0OmVDVWV/76Hos=","gPj7XLfC2lyz9gsqYGjP7RSKlD/KmukIiqdLWfa8dfc=","WeouRH5kyxxkNbPYH0+W7r1EN7W3Zy0gqBQJ3QEWkrA=","QWNRFrfm0bHOyL5g8rJ74dqe/7f4SZrRyVCCPREdIg4=","BaWsmdNi98jFtqGXR/pHglG7swfyF6wwXqtFPRq4vT4=","ePHPUscS+dTvXRDrPrJgMK5YqxiQAi8kNjPAdW8KZ8E=","Pp09NMeYod9eZ5CXjFJKlMLRcEiwsJgbw0CNNupWQAs=","+eyBKEm8nQDYWCcUgiiFK0h7N44VCiNYlF1QIIw80LY=","/QqFFwj1KEKG3hIqkFVWfWnmj6cXvJF34kI+aZqL3hg=","QJLNK4xwdbwG91GIKyxoCWiCq2jF3GGMAQif1QcL5s0=","d7drEy4njewglyYH1Z/0jktMd+SXTil/+Kce0WPPb7I=","CstHFMgj+RHOxjXW51aTO/65N9WZCJsda2Hycf47/6M=","c8vgLoEGrcozWduf6ETlzUeHKMctFykNghufdgSYRKo="],"block_size":4096,"path":"tuts/hueshift.gif"},{"block_hashes":["IabZNGJvS2VV8v/09tUsj9gVb8fAFT4nrfcs8rGP4os=","IDPjrdiqNU4Vk9IDSQbU2XQpZiS8RF67LIOYBTCDKQY=","ztldQ8/Tg77j7cqRU7kaJfVOdaogRlbcZJRsnnXn0sk=","2GIAzPqoihz4eANFo56+a4YaRirlNpbAMJ9Jx4oauwI=","AcoiuIjgPdksUZsirSsfLfvYRdNRn40PtuCewALJSmo=","7TQF86bdQGqhYLGL9TgSxxvrJihr5eVQTUiu3Yqo1LI=","0Ppfskj9fUWgWcYcTcFA1aRUngL16JavWwKpIZPVUOs=","WzDUwdWdfpu1V7htTV958hFOZWpuxeKeR6d2BLWKXMM=","P4uScRiIPsZF87J3+q9T6N1uSvSTHq6KKGh/IMFh4R4=","Aa2Lk8G+6AG0YmyF7cdA3XmhvoC1b/JDVDY3Yr2woBY=","aIVTVLAHduMEuSVoE17T0/DXyjfxyAFNqj5vODcOY3M=","ZMteUnE20WajO6IR2TZNAgRsR3aP0HY034xreScwDUA=","p5qj0ydV+/qUyQzz32/LBbXqzQf/kjEDch8o+Jr6TzY=","EH6+ICIsJpLzg1JyriVvteHPCWo6iuEr8s0tVjNPrCg=","kjqglQQqVHD3inlxBJExYTCpsmTUb5/3tsA9nihbMGU=","btBnq4pjM0m//3xNg9TY/jEgWhUxziwznWa+YYw2fY4=","K+NhXjVq3fClzY4oy9R/07QzMroNh7axIOQ1WIf+K9A=","czgBe6zuzuRQI5uRGjdwFg5Uc0qyoWGMrqLqOVI/FIE=","zYyUpKiiTf82v6VzOXkKtxoc/CC8C79h55rYOpMPCm4=","ClRD/suBkp+pLmwkXlNAWfOyhzwmBAuOP+V7qtB00dI=","Gg38mhNnhejfZ5/8r5amkUlX01gS3x0egm5pctMCE3s=","PncaJiGcMziAQg/a+NsD+X7AgaDK6M3MgvfeZ5/wkn0=","5rT8wZDqlvDwmLN9USSH8K5qP77LQRq2pZeX8QFozgc=","/VphH+gjqL/y7WbeD32A/c2kJTrPR8DfDmWStiWGHuI=","F/9Gir5x2dyCBKkP/uLw8q82JJYQkI5Soj0cMAM3THg=","MQp6z3/QDdPnTprYEm8BNhGRCE4rF84nugHJmmgnXoE=","3W5s2sBPndh+SanIZggz/uY/nSeFcCjqjjEo0bI9954=","gV+h1EtvdvuxceMf5oDuomQLLcbz+u69M+UQSEqsV3M=","n1gGKhJ1n5lk/pLRyMikZ7cUsMYHUtLN+fWkiILQzY4=","vDAK7gGIXBs/e0qIFBSI+gaRAMrhPMWSTX6M7TkFizs=","FhV1yV8kQoZe1JhlTJv3FBALlJbpTFy+LxHMPGh0x2g=","j7cQ7ISGoqJqJewDkDqqXYoy3PBvYhExeDGp+fMYFIk=","fpKRF1zbRsm/h7kkuqp2+tHbyJaM8yNU4blo0z7nLk8=","C+7MexbOeKEbE+EgnpWh1mOpUlOnBF8IVO+nyZTfOLU=","WRnDd7mDn4/yzXj0BDR0ZvSjcoJhvKuJxo0UsCSB35s=","fjF1Ig/woSP/wFyyZ8qTDZKWMeNYj9rBlxj4gEOLHaU=","nwO39etYiHNZUybkwTdFiuJ4QCdyc7+FmB7tw2Xw+tY=","sLvUgWYR1QvsYBkkdr10kAkxH1EgImJp0SF6zPW2cV8=","/5K145qm9NmKmgbHuch8GOuhW8coRp6jqjBxE+h3wxc=","GDd6V+35sMvIteJUUhnMGDGUWscyvoXuxrYNmbTEHdY=","WMm+nQCR2J7rJEaoB0X0T0SD8se+81OEQoQwK8eLhOo=","xSzi9tJvbgjQwjgz8VP0pnhhdgYiJlywdZsY5UO5EyM=","q5oMJ35AXNs9oC/vP7rgi+l6p4tvny9Pq0AlWkvXNf0=","jDf/74b+Ov6kOzNSVvrXK2luAdWwAMH7m3FlCHQkcJ0=","oN3sLk+sUzTxHxdvEGryB57W4QxL6vXnEALq2S6CEL8=","DiWm4ii0jdfFlXIokfWdPvz2pS2jfNGfch68qSHt7Kg=","nN0DrRVR//lE0px5eZitgU3aZwE4AUQ67mkstTw4ztw=","So+SX0F/ULxeFcgBP+ynqEtIzdtwmwTzeapny3l/ais=","gChVPP2h88L/Q7TZ2h3eXF78cH0poG3hazUy8fABKg0=","auwmg2tu6RtB+5Hp/09qHascjHb2ZvCQ8r0WBgzQ1qo=","UWDjpjNcfpjHFzcCQsBmaGyihg9RDkpMpRUA3emdUig=","t0HmOTvvzUGNudwMXHpQTGQNY8/JRJ8Cjo/6q7u/Fz8=","t7+msflL4jcm56oWIGt1a2ZEc73RZpa+xz0xaw2Nzys=","WX5MVNL2dzkCtmmxRgDuvcDJPkPcwfG+gxsriHQ9eoA=","5dUAUoDR6Oi2/W7mtxmYJavwaekT5oqNobXc8KlWKi8=","wOBSQ69NJvHuAYHKak/8oCUlrYC6XcC7ERKJrmxBobA=","MdHGUR8kRntshvsKEpH5BCeWTPdg455VPn8bVP+ol60=","dOJN/0OZbDC9ulXnp/CXcT6iZRhBLrF3S/6ZnZNsYQE=","KdraQil+YhWthgEbXJor1ptVmlMUKNs9ZFWVpaZt3Qw=","qizqrqjBhtI8mBkIoWMAopTlsFp1fy3K3kAxue9OJ4Y=","3K9ccwrE+X0dIzfUDIEB9T5FXRDrtpWpwp57F3RR55c=","+QeVVN9YJWunc1Ul6uPoYotU6J+xaIx13n2VjgtIqyg=","gOpDenWQf5WxvtYNjNU0PkiUVYll9FluGNdX428JUuA=","zlbOPMmrhMPSdie5wlhepjvhn2Hk5Hq7UvJdIs3YB2I=","7CD3IxekUV2YkJeOEw6g4wiFXatnpo6pOubw6SiDp6w=","i81098wq0EGe8j/ZWxZxCfGlUz/kRzes/TKMh/yIa+0=","5kGCfwcuK6jvkUnx3XjBSYNwX4Dm4GTWpDc/+wMjquc=","XQpittHS6g1Y/XHnDPbnRYhDl5duAfVINKVILYu6UMA=","IWyOlt6za5vrgo7xiwc0rGHuatNnNGvOHxitK/s6IhM=","IaITVR4Spky4HzN4+JAGi6WLHeCBSDg0FBL7u2dq4VM=","c57jg+TbXQADLbh+GtZiOKqBSks9+uClmTIp9lrj58k=","dot3AsrdkX1oJz22wFpwrgbkMt0umdOsQaZ1VuYwx4g=","zNmOZyglkIZrml81FnTlcpAdqNT5UN/FAIs1qyugnSY=","yOdFoUrbnuikPMeDg0Rv6sOZTKrM/WdQQaefdHMGKG0=","3TTIi1+hOqKvoxM/QO/RngS4hRBIvyD4dxiqNVRzf2s=","fLMTj6KNYJdYWl11/EbBxEwPmfrqcy7x2jdCAjnLTp8=","USsHI71HkPNz017ATuk13JgJIo9y5qCrVwExASojIOs=","d9YWe1sSHY+kCtOsiAEWdNDHOpW4cOQm7euJWtzYSns="],"block_size":4096,"path":"tuts/inspector.gif"},{"block_hashes":["pBxCgNNG4Sr0gSMmghkJEJ2q0bz62XxoQ2lSGbWjOno=","qYLltK564MpiLOLL5tBIFRXToTDXmFFkgzem0EEv8G8=","KiHBWXPaWG8zaEnn9x8X7khGRdRlFjzXYcwvsk2Vuww=","+Dfl93dn84YkOrBnpskREVVbFO0L9krWBm4Ox0tSdWY=","pJ+jaZ2Twys346ykFEzQnxFZc0pMQ8dKiqER3xmQfqU=","Vsp012GLR606CmYNfOvLv+4KXzc1PVn4vAFDdAOv/NE=","UsKS+zrmF+fu6j81jMeG5rOt+BopEUQ3bNtAZVZuJOE=","mY6gCX4LJz6hKYm4yA7Bk0q+2hwNI0/uUTy3IPE24ks=","Y1/57PoIOy0EYWeZboTER3sqYUPQb6/+hs2HGh8EDXE=","wX67vlg8tJBIULFpMzkaXsx/nnnL5OM9vvz9KS9I0GA=","IaJ0M1j/Xnzv0h4BX91i/7xPVC43zXFL/obLOhP17wE=","WWfx1TnlZX+v5hrxzvClcqlqo9PnIOF1d/8AXUK3Xm0=","kGO0gwK+yC0yfQKS+1CqZQMXnGeaAC9U8qrvCpTiEe0=","p/xgcwzSQAsZht/8CCF6UF8JzxBzRbefItTyR9AKVJs=","tkVIu2eZ+7MIbhWm4eznm2Kf8mAEVgQoN5VpsFFeX3g=","dpJpKkKI26SNkIjFymn5pMt0vlscTDLOst814NLWDKk=","cVN3zocSrkHFsPGVMq7ZQ+yJHyT00PwWJp+jZDfH620=","j90QVCMdsnzF7e8nMWk0Jnq+oLDauEImPZluNHOL80U=","6gr5w0IuW315Cpihk4t5OCPRtr2VbF4TJoUG8BEKdAs=","UP+HbyByVjiBQiUCLywvqebWa+J5tJuKQNM5oxK1tYk=","QVBreJOjQbvrigo7ikq4OAPJ6kgrnYtAgSgEOdKnM7Y=","u01hBsdeuGehNhJm/MVVANk4AihV8MN2UjhDZv7HfBg=","5v796V2zp4ILsEHxrcf1AR1wDJVixnHtUCr1mrEFDZE=","X3znKfdzcZKs/o61C81BlKqFbILwwfCJPGHc8FWpEi4=","d0v1+3L1vqPBQpeQdJODSVAESlECIwU+z2osd1xnKhg=","eeMCh+D/ttTyeAXgk3JuriZQYGMaFCSEivfltf2r6WI=","z7o+iRFIpW+lvOuCtEVAoNKLh5DM8NxlYiIQiCGsJFg=","ZpGrqgYjvceVYy/0nm9srWMC9Ci81tUGIfPynMqKfoQ=","YDS/Yy31dgQFN3t9NT7CADIqzo0qDAAC03zzK8syzX8=","IUkSsXtFCUp7brsysjL0pbZKN667Z5OVLgIteeP2E6g=","23zzolbNpew2ZMhDvE3hoTPhAwZrN7LQDCDClYjvvHA=","65pxUT11bys+sKfSVQhksRKfqDx282LXaLDtvDkBZoc=","7pdzGSY3HP1eG7Hxe110uEbRlhT8UoxYtnNGZkho6u0=","ltLdX3FAgVUi85rK1/SinY8DoegVp1f2j1IReKz/avk=","bS4WHbukyyUHAdm+NXu50tNmt1fKO8WIkSZWmcdr+o8=","JMs3GmJwc4OBu/uco7gMw37xI8oaoKFBrLHh6Q17DM4=","RQPe3mUBW50FyC/AsmRpbfiY7bPvJNK+WsnY5o6N3wQ=","i16/B4C1dDUEB+ISmNO/gfQRwu7S86x2afGiix6XD1Q=","yocU/bpQR9FYdbYD02TO1w6pdzcQPbmocen2dOm41FE=","4Bbv/p93gwSArlpgi46Q0GgVeXT2rSN8rF3zuGLPTkA=","BUwpnAJj9swxAkDHzN6Gt1/Xfi7xDwY8eAWxAdiDTQk=","ER2fhdqibPzhnoFFEQfVLCrIBWmp/v9fgh0+4vtczQ0=","VKNXrH3AZ8G/wmFqGkQKNkrOoXZv/TMkuUERmPGcOsU=","fl7/zmzOwvOMDWmfCZ2fFD5HmySAVmoGjAtGtSuWcUs=","bL32vygRE0t2mruSvZVPtIsaZG6eLBy7FDYJ9Oe3uYw=","t1pFHKOaOd6chMmwU7qDJ/Xjj4vRcvS0gAGDtRDny/g=","CI6KsOPwxunqXzuH5j6li2j55LhsreOkQh1hw7KmP9w=","H30DPmSIv6JezlXhbwuw+7Umhw0cHaT3kv2hioouOds=","gl9eWKN+rQBfVgPzhJvN/JsROEZhQfdZ9cBiVZssJMM=","YUAa/YjYMTThoo0YxnPdav/HaDVDog9Td1y+HQAFafc=","9xA2VedihMGnflC3TamhYq9STK06RmRNW1DcxVfVRPY=","kEkq4nRiazipa3KuyPbTkfqS7wfg2mhECIQgX09yVxw=","jCs0ZAVnV06g9JSxGVi8Qtc26bJE/MdZrL6BwkmKwyc=","yQv39cb6G/++NfcIlme4mp7Ruc5uycvutcvhYULPkYI=","2te7lvgDw+4hBnZn2FClIkILEJ99gZdWGvAzJ8xZ8GE=","MnBqehOmFS9r0DzqEdSUygTXMjQcrqQFoC7jMJsjQ4M=","uSR+qxwgkKq0LTtAxEyTioR4lmbJ/sG181OPO7kLEHM=","MyR1c+XAi7Jg2f7xqtFN50nweGbJgqZ1OnnVIlvR200=","cvuJgg1pxNOiijmHMj2ED/UTBCDtb03Ff6GIbNGzEYI=","M5sw4XkWhXVjSnd/t8JIwRad4v0sos1v6FbFhqcN90k=","iGROrXF/dSoT+n9SaF8YeTsAo8xL+yQtlDQX3+ymJXM=","aCtkVmjxS9v47UBFk5xgxgccKkJDr33qRpOjxqYcYV8=","PtfzFXijOwMLGxJ+284i63xerS5n+3U0d7plyXY1qHg=","4bpGs1r5yvsK5wIXIXv2gGXofY42diaAO/DsnACJXWA=","cPceRafU4yIhAi5pcZYEIVj9y8cxElma55tTCj1FtLc=","kdthNpHOkr3cxZQVoyfTADN+lODeGEkqADYkfxsB3uc=","jlogKIq6rsKTodjsirUBHhB1pxQBcJFQbG/a5U5gWPA=","YdLfkfAk4U1eNz+NqB2ROauF+OBNAedeqL/fzv2DRjE=","I8fbXe/ClmJXiZoJ+o3WjbRAx24Nf7Rz/xtmpZmkngo=","e5CLfw6Hlr5GcDglnfsDj+iCCoHH5zxDhH6il5n7X1g=","wQ4uRU75X4zzOGkPr/JGPey/SNgsJJhj3lmaTQvjyV8=","wGeyVNjtwa49DzsJ8ComF4y/Qojy1C/KTYpVM0S8O1E=","nSBUVB4WjS4anIpO55adG01k5rbzhLzayHoBq+324As=","W57356WFY4iAk+g2fwKKNokfvaTos82fJn8expbyplY=","LsopJcJHq1yGyFB++dfSfRrYVzsdwy55CXu05rPKllY=","5S8FDeTtaU6TN7KwtdgPclkkNmgENisBPBjZLDIjvpw=","dRrAYPwuaxZnwNy+xS8N8FVCpmJNunbydIkjQ0n1e4M=","j9b/9otVJmpCaIzLUvfw1hiPckBRoajUKA9es0na1sM=","2GSUU7e/1ctde9vWAmIIMEI7Hj6PXI6VnN4TOR7Ehd8=","vqKwGRG8Aa8onBZcVHklBTGrUeEvaqdXZpSLlUn9+9I=","y7pf7Iu33VCRVy/MWMCmL2cMvtMd5F8Cr8DdZFLY4hM=","WtjNAXPgkDHLvI7CtMlgMzMeipSNGqTyPZ7tJafqE5E=","qCc968jJ8/oC0DsFWFrd9dvHfTq1YxQvQ2Ts2GP5UJg=","B816Nfim+pMeoK/bQkxu2CQkZ8wfqHhgYNF7oaXEvlk=","XCTJcsBd1cDXVr3EeHZRKXatTNUAj+/AtaSJUUlEya8=","naVIMfIY6nLr9sFw+KSa05PXZQwoF4eo3SkiNGxAP7I=","DDwAueiSGf6t4GGRo2DylaW0AtdIaFJ+Kv7VS6MT92Q=","ncYeizW3wS7J6Y39yqxoofW0aGrqcJVJO7HGUcZ1wEI=","Zg/ZgBT20zL2h4/PicQnAIKmkl3nvaC1QYeR8dSEKww=","tIt9gw/l6qEMOH2bfSWXoSqMOS7VtCgZIujMbbv2fIM=","Ne2/p4EQm8vLAyHM2zjwvJldVQJDYTPBcIq8RNFAr0o=","YyctGGbFgjlIRvgyC0U28Qw8BZ52Kc4fXuEv0lWGYj0=","u+libVI6CX/rZnhvwleifLjHdQhDeOxYVCecPDP3ysQ=","abm9WhbaWX4QF3rl0+WatA9CcOof1XrC0RSmWE3YpzE=","2TMyN6+AKSnvEl7iEkuW2K6hA7OpPEDtAEKr9IUBcIc=","by1M/ujICM4NMm6R6cyUq31YXePA/+8rJAJoruKPnn4=","neVkilBe4etdId/i/SZJE0plAXvLI15IXouwHSc4Py8=","7bZyrBMcpjLwmXvFOGg+K/2ujaPwlO/FedIDyNIkEQA=","3PtdTcLdI96mfLWicQ76rZsQHaOveO3tKoLqiK4wDnI=","qcp2R/pLyRE6TytrRhinGescg96c09b7F8e85wFXxlY=","g8Xjqh0essVRCUFsZyiVTM3bNWZz//XaL6unBLg3csw=","t65LTOBHkuxkbhQpUJmAAdgThZ/IKQwc8g7dPZXJS0A=","7OmPR0MQax91Ew+IWzqOcynxAUBW6eSUfjYWiajTFqU=","Ju0HNBOSgkYchl4fQhAhZH7YbVZtzGcNBip8KAmAhts=","H7zgpaMF0pHtGTeQw8VcNxYia4RSdqJ2OvlwRbAFP+c=","fvsdIn4gBf5v15VFr0w8hxWk/jQdJMyr9TMOPxhk2jA=","33tQ90LtSvCb9EuqpSckI78kqlXS7oI4b+J7KfNTckA=","8pxlGxZLYNPG/+maMMnOHwvNBeBRQEolNiah2Tsdfgw=","g3jHCS0VUBfGloflRhS4kol6KjjqwYU1qdbJGkA2A8Q=","yIWYPjsizSc432rk+GpnKE3KgPj9uDnDUis333+SuUY=","+wLaPl8h8DBdnQOiJB10rBRuvRUIpb1biF3fVjtZZic=","hxfs7SHFIsz5uwNg03MQ3vprbjSSQ1KmnlN9tEDkw6g=","vH+3TvqO69KrVAwZ1qFsecadtD3TfyJjrtC7eztVwOc=","yxTibr5R4mH0d/AxHwddvu0odWfpyQ0RVSI4ZDJui4g=","HZhs8NdhzNacE0IeqtBV3TVGEIqshMsBgZLuji6HlLI=","LL8OqcSM/5qSwZz0/sj2PkjXIS0LVtmTHt8kOGQ07VI=","u6W+wdWhqyYA4B5UZ7MgUNIZhqWrcIrwSh64ebj3Xpc=","PeNBfjPojMaU4f+fti2EsPpMlj5NFBaSdVcnVcNBbwY=","w0a9RyFrQ4tNe+Z8HZblYglu80UsubrczHhQ2BIiz+8="],"block_size":4096,"path":"tuts/margin.gif"},{"block_hashes":["OCrgvWe+b41Em3+qIlbBJLiCuHrzycPKO92LLHnTpqg=","YNvsmJrz/LOH32Logbj+R+0cIuis1L2EuI8lMqIh8+U=","q4CUF0t81PRM8bOr7eLp9ubzIhcbq0zIxHGE/L8XzDw=","+vXmijLxiKDutC446rv+IHGQ0NhDWK2QaCqo2q0My2g=","y8PsJ6Cgh4emNI6RcXXYB5rrzd4RFegeRUdR7Jny1bI=","/ErsQMn0wOj6M4r4b8zc0NuKotqxuNgZiOn0hWL2t2g=","Y6HMXQebMWEKKn2hqA53dAZY30yUtl70QoFjIGS0utA=","cNarun68MgfjM96osXvdliRO7ChyGWlLCFake0zokGo=","DGGdI1pB2UZdREtfdOZjzHQ3G9TU68b+YGlgcp/ZHJs=","zutOVucV7Ok88GSPx2NMi0mDA/U/zo3V00HasA4Cll0=","KISPLMGxfEfUFr2MVwYg0CYWsFNwM3VRO45aJTLoEzg=","VVdzkWc12uGbAn/jnU/Jk3M+Ec+dPFdnO0hLOUCUCwA=","EJ4p9+hd24rkYL8Q1K/zeBLtQP2OaRxS+XUD51xVY2Y=","GRk6+ZSfdGjqeoswjONOaU1kP1k77pIZlRuKMxrggLI=","POLqSHgz3fTYEoWM0w3hnQI1TNIpMYEEIXQVAJk6O3I=","Bz2duQ9S0+WR/vL9w6RITbOu1DAz4p+TR7jDDpOF/tE=","fMX1TR6hLoBmfSAbfolxRDZO6US3OmY+BZwAfHH3baE=","rJgaQS3KKNxxtDPQV4VUrKDYuDDzEUrp7VVrs0iGFTE=","HWA+iC3B70rXuIMwPQPw73BIecnPq49CBvkk5UT91+I=","ExznISCNdZVzqXZtq5uzTwl8Az0ys3XQYiO2//1KlxE=","nVdvsquxKoCMFNlzlSktO6reTPsGO7jN4cJKsQzxmDo=","TqqM20l2GNjJGnpw0MlKPYuxplSNvO5oFS7OoB4z7AM=","fEJXZFBl1oIt0pYV9uaRN0Tno0DPiPzWZq1S1fDDDCU=","0QmMvMPkPr6s2+XH7L1IzEusS4/raDvmKsuC8PHl7X4=","WXU9c0pg/9Blibd59d1EROAAnjmPmJuCU1blofEQybc=","cQGEP6Pl0D79wzqoDGWFDG4StUcuf86BTUcCxaZyUNA=","antvQ7Ad9oa3CUKGwjFii/qs+3BWf0UIqI+lyl981h4=","GwFYfLT/zl0b7KZyCqeFt7jAfLyDaJw9/FAFjfMgXcY=","iPoGV1msDjCSXwQL7TxYTkRZd6P/EPqY1H9uHUUxF4k=","wyQfRAueMPyO9prP2tNHg0LX+t+mQc+U43XbyJay0Ic=","77IdfaF7HqQsxv0/QP47MlQXxvSQz4ilG1Ph/31aFhg=","fHvfAbDmX7t7q5Ed80ritwlzPSSk/uYFuQ6enNE0A9E=","zrpFNUY4Ll0QURq31JWl61xC1yNHsv0o4L4820DFRus=","nxjZbbeoWnKOcWraM8cV26MKnA5IXSqqaLapG8ggrqc=","VkdSS2UqcpmH3hUM71Oo9+Z1ZXXZS+cHEJZRfDS1W/M=","Naz8ttOqW7Su1YG4O8filJ8ygK9IUiY9jdpXmJIn8Z4=","y2FeIb5rELO0MXcZon+AAIGNl44kz7air2vB5hHmbDE=","ZBDsDCts22jRGmDT0aQqDqVZiruQ3wbgRtdKuAGYmBo=","hhSdJO76sa9ynRB0T9ZvPC2sSddyQRDTWxvL32yMiVE=","7zBCNTW7blHgC8/TtUXaQlsb4hi8LDntEw17cBJ0Kso=","mJAuQoHeJ0DwRvy6NXkHHzhkugtyv7gd1o5HvN+VCBo=","Blaifl9LmGCOU5RUMfs/JuyZ3v08Z2lUkczkmHHNgoU=","lNW7oeCnjY3JLdQrfse4VPdy3AqMXneKPKx8oj1K79M=","eHY+iAsvj8V7wM5MImjOMwqMCMjs7uSrB2CrAnDWLUg=","KGP07lgMwZO1uqJzrnxg3Djo+TF740xmSAtgxcy8D14=","uzpeIQJ/wYYMaM6gC3ipLj/Nzmr02kHetNl/33Xx6CI=","ybwYAD+IHLKtBu2IuNg/1ycq0qvxJHKKxjdhMdP476g=","zRKsE/InRQG7l0IsKzMass3ibletapCfmtn+wvJ2nWI=","whh8ToxPrsuV9a61wCGJKFje3w9e/Fv7s4k+CVNS69g=","VDY0V6IJJaOaG7w9g+ExVosSonyEO4CVE6oEDzTgW7U=","2zvCom0mXoxz4EQWQ/swqOGs9yQCZZt/j3iPuFy8wVE=","RhGB+2oMlZHXpvkfawXOKOaT8+hE8oNY+iNETozrDkU=","4yb+OKKdL+UjAhLBNaRU2mpa3t+zBlb8kCxh7kviock=","RhfcPHWdx7J99JV9KsgijWsN4M1mvVlJ6SqsujyGWlQ=","uqtJjFkI5vJrLDNK8TgJMowZccltqYRIFBLoUNFDb4s=","+pRNgQ35e18MzhrAlmsP5yQf8Zallo+AjG8LqZl1fbw=","5UbJ8hioAL0TG9T//II2dXqiOaL1ehHM8KVhZIxx5tk=","WkHFQ4X14QPHRBeU78s7nibZoLo4lhONsBnlc3ZL6/0=","OQWpzFp5klNSlk7ozdw+eI1OqtP4kYLFzsznYDlDmic=","yy0x2eWYR2GrY5ClxV4N5RplQn6j6S6j+J8bp2nf4yQ=","kbw74O/mazzdRLglK0Q+A7aPAe9rTFQ/RoRwY55cbdI=","A1LuVtyZu03eAqrlnulinM59a+j5swmA9FVyadG1kBY=","vailcUnN2gs45qfSe+ToJoR0LkbfVl2qhrMgnlRRtlE=","pqtDOxsENHECxTh3Q1s08Otp9duj/COiphrPtGYX9Bc=","3eY2SQu/16Ixv/wbmmlY83U8rbHHBuqtm0qfTaqmIp8=","z2AAPcTDjzADDlTaOQsbGZRe6gj0rKuEcd/xmgXdZEU=","fltv/xkixXSZPURMux68UV9GFKj7VDzcpyJvZ/G7ROo=","C6AQLKEQn/AK6qaXyNT39+HWbCgt3VYtxtht1Nik4RQ=","0koDcgf8XGPJ23HkKV5hsm6XPFSdKtjl4LeuVTQBMWE=","xmi3CZ/Xd3sXXvY2E7GsikMScbMUbaLLwnuTKZixd/E=","jodVHh+XxwC9LJrV6wt4y+Tv7Mnj7rVm1l+VXOIWtPc=","xqcHKM5sGoz20Zi2+eOL9xmVHZq2RQlsnHu9Ttzbs4E=","gri5FpVZ8vLo/tEnpyQzXIg6ZJOWdKVi1fJOR9S4fug=","wEcda8UKAIJOiHTnxG4l1GaU0GMgWPnTuzscGUIfaq4=","qDMGyha+P+A4s4UaBld1jYBweg9qAf0nFcDv5drZ/sw=","YEUDc6FmnITjOwpPePIm/aOP6qZHAUrRFkwUl9uejoc=","NGBHIE9iruxu7BCVnmaoTbf6SgZNR24YtaRJiglccRQ=","GOl1KXL3J58VfjgtmWF9GgzdA70byOou730zVsHG9ZE=","+KHipKv+HpagrpPVTRxM1b9KYCVDfYIycqhi9qFu2vQ=","lyy8Iw1p98LlvFj1d1jWvhpbJNUgqQj3wlNZ5zMpqNA=","TRf5BlV8QUtdWjKxn380HxTLird8zHvdp4OjzaJ46h8=","k3yKZUJ/meyhpJa5Wk3ymAuWMPSerBjLGh3DejZkdgI=","cTRPCxR0NeVCvj8q+EBAOZZcFYIFy1BomIjxFjg9CMA=","yoASlMbopIJNebffaD5u+LKWXzktflTGJ5N8UEnWfKg=","xo0TTxPWLhm8tptq18Hk2zmi11XCtK8nakvWfNMKAq4=","S15vTsZO/7gmEwbjhKE3Gwx0UPHgSwtlfnExsbgm+O0=","+Xp8TJfRJQQqzA021WSoE1tHDfnblqfrDUxQQXdjG2w=","MVs8Qza540rplob+JTAEyZuXBbBoGExbG2g6vIPscLI=","qbPdmfqbX/EfNv6Cs3NnEBoq/zKbYgg9kmtHIwoNb9g=","kx29ZkjMuTEQ8ZCmeJKJIW6xKdsP3FBtTMCZCEuhPuc=","p21JLkePuBwhJmgVAaBb0BnbI9SK6uupAo+i5LzaiyE=","7EH9O7fzX9iJOquLqrb7vWKhg5HgxPSeVSJri1zVPsk=","kQR60osga+ZEz9R1AWEc08d36tnRPzJpSfyQFR2Ywnw=","8ypMotUTtL3lkNK7j1YHnmunV4mDW05rBmP0tki/PQw=","q8OvUo6UuPnY5j3d0Q05II2uDmR//LbVJYf/ZR+WXAg=","wM2p8HxDbRHpyFt56ldqClzCgDp6D1OWL1OE/Ghc0Ok=","WLPOsQFoNDCAGx86I4C7w/krF//xDLZAC6L4pjbvtZ8=","d46oUGAFCaSpQBTs2FnBD2bI+R6mXrGMBLsT/aC5crQ=","1rD4XnVySiUk3iIfNUCzXRSiNo0W11zyyLGBsou5z3M=","flBBKN4p3WiqFl6V3RsBeefgm/XqQzrtZKEmzPJ0RZA=","PoPGf6nXl5kawj7QSzltzC7XdrjrVWt+9nto1Qus34o=","nwq3nDGcBl8fCldLe545+JoEvjHKxTjuTaL7q1dDHjk=","nTW1Gg1vulmj86XCj2gfKvhszOU9EKd9sphFXcdZfkc=","B57X2GLlzbKIxomMB00GJ5fCRT6mH/hqHri8Y/c56CU=","Kqj1v2NZEXHZd+RaC8vvrDkFb+BRHuQC9VXNiYI8CbY=","J2QWnef/W6jtSlwZ4Xxd09cOO0DUIZKI8YTJUToO800=","gXyE/vtiMYkNpCGj7bVm1L1gjBvOTZcUU/3nUZ7eIz0="],"block_size":4096,"path":"tuts/move.gif"},{"block_hashes":["VRI4OMUHORsEZju0bHqvsG7oHKy48k12aRlcWWlSiLM=","tJXYVedMuoSpNp9A3w+DXlCSh4x4AGTg8W68bOPVQtk=","0FQGLJ1ljWI7TuGZ1L5KW7ZSwLSdSuD63qLQ8K/8lGw=","K7tRrL6/V/l+oL8fetToEUuAU2ABzEpnErchul9UzVg=","pnbBzK4Rzk0PequxbBXJR9GY7gxmvQbOPrEAIBrq2jc=","ShgZo/anIlLBsvP2UAvMNeSrOnupHJ9Mtm/QlnCj0vk=","nS+NNVGEkOTFv0jhd9cyNZ/PxKP3+FoPGI0illeeAx0=","xL/BQane84uxD2XhWrcdvLhwueAP3xzz0QNXkrtkY58=","Q30JVJ+D+YDHCc+QBUzqD3F5asCmfNve6NXNJFCusGA=","7EWGjupprYKfVvKHNU3sobIsgRe90cwjk2FvlNivNRY=","sGe9Xdg0ZInLswpqxqusABij+6OV85ocNqvJez6eXvg=","8mmxxu79w2hZLUSSYERtmFoJRTS9qD9V+WSHZ4ieND8=","5CeSWRxgF2Rmmgxu7uQz7XZTcrtnWAszO/UQI83kaVo=","BPIbXKRoLqSQYNL2eLY5W5j3zJNteBzTFNZxGgha1eg=","2bpe0yGextSFNPOpu91T6ypTPAVXC2kq4g2+RpZDfAs=","IzEy7g3Wqq+tG7sPCuTtPMUDX91BvZhoZa3EWdDZrTA=","QP14wK1jlmqyLERdtjYW2LCkDD8VXe+gWOO3al673/k=","jtrWt3s62cGS7+G2GPkYma2Qmn8/bTR2zQyN27tSrc0=","OobBJD7y1WoERC+j/MLhouT15rTWqBAmUtFVjpoCcHo=","WBNm1p6HevE+ai756+FbnhzFCcVTsVcTvGp2mSmgL+E=","X4joLvfX2bIe/MVmAI2YVv4LnPPHLkWKcbsWSW/TCJ0=","nm7kwHIcPSnDJrFlIIno+kHFDeOD8+k9wKr0HQlf2vo=","Z5bHhm6r+LI7YjJPhwbCqr0pUuGNl6/SegUsSTa0pAw=","+Rzzl+Q3SUou6kPRuMlA3kvwy969DQ+DstfnVa4+BNU=","1czjvXGnnUCf6PR1ejlTglUQOhkAv2bbsaPuE3sHwjA=","24nhpJCvCYFfKi2dAH57uXx8nqfQFNriMyl9g9TkV3M=","Mx9YhClxcnnxsFvDs1bY/AJKdMprp48vPW4LlYDR3Zg=","colocopL9eL09i1lJxO9BTzqjEEXQrQLIyRH9Hdi5Zg=","u1IWTqRrARD/9JSgxWXX3xua45pNNXqGfCfYAU+ZtyI=","EpBnQ60I/ZjdBbeuRPVwbwqZ/+W7w7geocqfje+euPM=","f2aGmizuiQwnyArMRSvDebGTrb5HB+wNmRoDbaqNs4s=","xXDTp+QRrljBiKWPMy1ATIp+DVw468XkiE3ZQof5tvc=","Q3tv44bFo2CjJQ10tW05AFT0OVGayh4NADqwyDRFj2s=","5EJ3zvJ4AH3u3Usw519OGPHXnJmQ3rtlbEYMXeRfz6o=","TE3InIfk862Ckmv7cwKnoe8DZvdFYoXCfhsgjUce+sE=","CYVJ5LvJht5ZjjWcZHmso4ag6N3pUJ/uKQafWo/IYcM=","csx2AHy/1FYn287vjtO239ewdbC6NSDGfoJn6jlM9Ao=","jRx60HBa+mXmzT3DbASGH5Itzb+7caKdjFmRBgf1DOU=","S0DKJ00TQG8Y4S0PaPudtzEmvs2K8fMZQ/7apntl/uc=","UHeWb1FWrWp3TKD/BafG6mJVv55PrdUKTONXCHa9Myw=","kXnQz3TiSxlvcwdpiWwB5zc2f5d2rQmgwCUU7OPaJ9o=","S9gzyh4Fn5vH4RuqsgK+oNnyrm6i2GcrTy9cgfLAl0o=","UzNkD6OBKwScH+glCpWSRF9HLLVZRHHyINuM0a4XH9I=","xRt2FNTmZrZEjjTgT/K2DVFRrkV6+9qBHTewr75yVUI=","sk6e+Me19shUSZIc+q2HnvqvVAns+r4ck+B0PqLwn0g=","VdSO8N/v20vmoi8VMRxi7no5EN099etUm1OSCKf27dA=","PHXQWrYHLmezYOy1UK+wIjMeqJmHblNGRVaNr83JJ10=","GcaRjFbIj44kEjjCwumAlGKPkbutV6eIFy6/MzxXTRg=","KrYGhFag2bRbN+9ZBkscP95eoed0zepEHMHObucT+LY=","eUbzhgfQBQ2RnlqsDyIwItU8id7A+pUN9SjqlLi+OUw=","r7k8jOfDPmzWsQUsq3LP/Jg8G0YuQ+eBPv6zq48qr4Q=","rsB1A724uHNr0FWT+q0qHdnKcddGD8rO4DewrcvYBis=","ILTlHalNOIdlN+FOVnlVsuMDfCv/x4Iz5+Pu22vihvw=","IRnmnmdAQWBFYcLbflwPTGAfY2bh+VfP18TklVFJSkU=","IoY7guKrnkBLI7Vc71E39tJKYckDJc0k6fy8ytLQbCQ=","0k0ZWxuz0L7MfsV2qDmnYo6WkPJ9K1iWFGaLAHrp/kA=","LNkGIA4Il3DxjLWZbJL2DPNKneiGYr+g3G402Ta9nRY=","uOCf0qBs9zNUz7w8HbBiD7U4hEHVE66ZBTSX977n7SQ=","OrPMwXFAF/0g9oGC4DQQOOekF4/ltzLG3fLpXyDy0ow=","IaGyAzWSH2/k8cco0Im5a6AGDIqe+l8HwODkWZaxUTk=","r8ONYAmXajeQCaWQyPqsDgO1ogfmq43vNVo6CCzlIlA=","6TTxhiDVFh7oZS7DcHaSLIxPW+XDz7QeLh2mJyHv7sE=","+FiDy2k5xU0B1d61btot8jjgejp1pHPqMbDIMakMyb4=","y+1l8FCkNzmS28gIUdMTxgHJ2JMihNfj86FyibvNEJo=","cmvASF2rCCpARJ8IOs3AnV3hhOfc8/Wx49jZagmdCJU=","j1wTh8FECfoM2vi36GBS/U5QOMGAOX+Z8c3xwOf9HZo=","Nw28Wa2/+88skCWPyToaKxizj5XUMzyGEpd9rxpU4R8=","TyiqRBgXWS6YIt3uF+OGsd82o5f3FNOk71TPmA301iE=","9z7OaIWgAFZ+awjIW02j+dLb1I0tLun9fhXjoKE7SPA=","iKTRy4lyaCyaAJnOxTT2HaFP0qX416UDiLYtQ3vt1O0=","PjJ+YF4KRWUmKv0zSaIGn3XqBzw4ai2b9mi7RI7pB78=","vqa0zVOSa8NwZ/jrM13CdpGxdOQ2R23AoBwDlfhpDR0=","tA5rmW3yNnTNV19Rur8ex4DDiprDUJgyXn03W6rb0kw=","Pv3rpTbnzF/MsjyoiuhaT9UIxqad5igiStPyc0VD78M=","uANhWKIWySBtG2L+SCfDaMPAPtto0aurdSUpWFtX/Tc=","6uUdRUYNVsvLad5F7RI6QpxOTdzAd5+9SPOMHu2THLY=","jOYd9jbKSD7lfF1/hhmzhG+N3StVR73qBXGoqXQDwD8=","Ibk8Z/wQJ4//ip6SWbt9Vg0bqn5+3lY0/XGLxrTFypA=","XiJ3vWBU3Ms8pRi9GKn/YLF8dxuFAIhyG173A0622+M=","t3z+viWkzrn/9pgndruF5fEvpiIkEc+zI5Fu+MSrhag=","Q6dTUQJfaTC46gmv5AhqRBDcPjVYb5Oy7OPzoJxloow=","gAl4/nqtNCaJaCtnMFUdxpv7wSCqkPe7rsXeLIZfOAA=","fcVZ8sGWaJEqJmmVztKZEOF7/WfNXpujMP7AX0P1GEk=","eeATEwH7yWREuVSIaLqnfOuoF+R0KNXJ6A+Hxz15+OM=","gtxrkSXyObB845X7QHmyrpB5gfCoBGNRPTuK9DQY7ic=","ZJqZNCTYUA+h8krofnV56ONThadBuBQz3U/hDx6q6To=","UYrgObuUJPHlU52u5DZ1UGAcq4yt4Jp3lJxy6oXcWrM=","eLyvNbsXJg1H2ERrSA2lqf9tC+mWKUCCElfV/bfYtcU=","8ujDUpoQPrOiRh7SmpFJwZzoVqG8+pvS4NI4vy1Bdrw=","+kVFsDiE7PEof0Ru3DZTCVqqbazbjdw4nhB3mCGvMGM=","7v/+afIxDSvP2xwReSZLuyShYLupNO7RCf/oPBP2rjE=","8QIy6sqS3lL/Xoco2dsGfvAnrbJnIOFXyY3BGsM/0f8=","JNpxdVevsWK3EKyx8+vlYSPmIECJqTLeHkyx6SMfeCU=","DjdgkaVKZzZkdAtz+wFAkHukl0thYcxmqDmLK4bVQZs=","ifToObpR57NLFCQkqNBeKkpxJeowlk/tqvWhpo04MIk=","XHm5hgmaWYTqj76O3UFOy/pYNiiBZne5pNXT63F5s8Y=","pgbaYxizCdws6wlqQIHYoPxfNzCCqgYI9f8V4ESKuAg=","Tjv5mWa53oMjjbBh/IIwNuCR9vMjNXGvBM45QHACZR4=","JBCQNKepRNAajda1U8rVFoPhLfsafty1xSL/rdBIO5g=","8Hqv8luFSoeDYt2BGj73MtECpWWRrgHcVwPOV4aeOS8=","5i9q0bD1OeaCVf4AJ9/cL/kezr35GRK+oq5nanJXpmc=","r/nyFQqLwgApBp/t5WQKLsMhPIr6fO8o1dck+mU0rwM=","ffA9uu0BjfK8ZWgUkD6dgqlCKW3g2+cGyaVhusPPXR8=","i+9ydqSfTv2xoo0ZYhNxf9eNukSy/jj9bGyLa5OOafI=","CZX9025bgkFBC86TGxQ8TXPm6XEALq6ickPhe+O1CVc=","uwQocCA3IQk9bkejGLlPjhY89eQ5vuVSKsRLdMx5wIg=","dgRhIVN+PK6eMITi8H8fHvzL4bnolGqvLs+tJOeHN/I=","+ei+QlagbJ88Pe//pRnui/v97dLS5Rgt3nzNRA3v4gI=","jMCBM4+xubdv7G3lGa8y32hT2meWB9ueZrhCQxAe8Eg=","BVzaS/5MAJ7qjv0T199XnWyq6ofFsJ2v4t04GpbNQQM=","Dbj11MaEDQasNAo/7LDak/9hrKAbBpaZt71CYoNbADw=","Jrj6jR2ct8nnyVSQpzvyzrHiZejXKR6taZd574c+rTE=","KD7UnWVL4C5LXRNUwyodD/daA6n7PUPiqDmQKl+GA50=","H8YHYWob0S7x4VmwWUJiD7PpN3hjWMu75UDXKoAv9bI=","HSTW7Ro2ZVnsaFx3OvSvE0BZRAnUxnJrnvvBzzrvZz8=","ylfo0ioAq/1gPiQhDTdEUSjvkTjqvumYaTN7xRocTM4=","GecApMV04KDFYNw/hqHGayY5/d2WscOp5WXvQbYlIQk=","mAaAyXwNvW7pJqTU1LBt7v6ozSkR/Uf5I0b3RkLdA9E=","jlUwQiQQUHTV+r906BKMKSBWi0Bv4axClPJzx//pmV8=","+xKY3cRmwKbL5i40bu8eRfX+tfNA58z0YbbiSzLnkLw=","wustDc8m5CCVGkndGHt+w7gKBL80U9N2HeN7XHqeyUU=","PGK4BBkofNWHFn1VZZMt6Gtfe4BnG+AhNocZHyDg27E=","tHLbTJUAdwkfgYIxooo9PITKbbd/EtEJobX9mDgwqAI=","VrLZMNRkT/F2K1de0nmEiO6dc5Qds7d4Yz8QfE3/qGw=","D9mFVdymy8Zo//hrEg8c5EOKNXMZ/fZeU3eadqBHwrk="],"block_size":4096,"path":"tuts/padding.gif"},{"block_hashes":["kyFysb/VKEuS8rmwJPBYrCHu+Xasi7GUQ3UblQi70HI=","AqOVVvriF9VYJ5F7UT/GoQP4/PBqurbVHEDk/jYUbZ4=","ApZgxdwmZnrCp7yesszNTuwAW0BzI7cUHWzianFwHMM=","bpda67F/FgNJnRy1DtZmyZcD2a9ylnZXuVsw7eaisMc=","gW62w7wxv3FNsv7sH5xpFwRJPp0J/hRtcyprDo0gBZ4=","n/dEt7m3aOd+DKXkRHNYNWoAyV/pZ8dDw7q8KRWugc0=","2jdUOgyBsLCu46I6qoIM0fq10CsJQKnUVPPlxqEpMyk=","g7K6ZQaMgYwpPHPbHC1cTa6UQKcw0oU8QvbXbO4slYo=","eaaYyr20CxVW3yHmJoQOlenl7pcGZ1zHhYavZib2jHc=","+5AASPOEJ6qi6dd960bIUwBC2ln5pYDZ2K/PjXxR+Jg=","CmxLlftQz46+/2ciOblX7DbVSak2+kWlyjn4SpAeUjc=","2UR179ET/pwl2IENC+j0SQTPGzmBtmShm3q+eJ0hLJA=","VCJvDkWgBqOTyoV+1T1OeOlO0SaRDeMHxU1C6crWpJ8=","gm7UFReNNU5O0hCysOgAqJg/3Y3Vz3XTj69L38C9tzo=","WjaEu4akzNkjMlYiIXGz2E3RBB6VOjw1ULK7g1ss/ow=","Bcma2RqHeVraPDKEq89YCXLli7SEVNnVBKI7Yj+nDMw=","MCd/Vr6m5f13yTKG+o0PvKjJR/5JeRNePb6nq4Lo3UQ=","PBPVU6dQmK7bfO3EfPDQgVmXwiTQ0C97ccVK7O0FObQ=","mRqNPZPEYdWANjDutIr3MNFfQF4rgwOhWPQOorL4bI0=","TYHOXLCK55rB2eukcQCJcuy/E91ma+6RtsZpH9OA5OE=","0jETkB2MSCmusl187iWVQi0+ALBIQUhKw3NJ5dKMQnk=","l/frMgFyMsT7ymRJGKzUB8chC3+J2LMd+E5gTYX7YOw=","hvBeTCVnVwa8fWjA2I0tWatH9vd41icL6ouVjeRQm9g=","A4XugNb1vl7wfwAD6nCPwn6JuOqgBG45GMeJMPs7QAs=","zrNTWUuprd3HAefjIDXY6gLvS2JKnNLcAJs4Kggto1w=","aatBNKLJKcGjwjlurZVCTKZOoPT9s+GvfgozAWT8Urw=","WCR+HJeg2y8eIwnPFIfsgO3sragjqdD2SM37upZsUOE=","uXG9YaofI1oD0MZg0gj4MItnnciuUvRPHAnTDkmAIJc=","wHLhR6EhiNjA4vPM5SbDCgXgU8D+szFBv723I8O3BLQ=","5foEQ4xE5j+jEiDXVp3WUlt18qEjA1vnycMrZc4ABoY=","Vb/6tNCiBbDQPg3cINPvnmPniH1xLwFoq+vfbpM7uOw=","IwYa7ecvBGkACJdJAP6e0EJPnqdBZAcRDxUWI0lIpuw=","dyPo3nZhyEzEpZfEGh+M/RU89KVmnfulumnQvv+HDjs=","SAz4JSDNrR3WCJqobAxgMmnfWN4qvoqEVStsU1SSB5Q=","Bl8HC1i3aw5ZiL5f1a5SU6y47T8QmxWF/InLcwf9Qgc=","LcUsZOoIOQrXDP2YqS7zKZBBFi2vqGCIjYKXwnR3zmU=","gzvyPb0GoMB2T+/8JsBGnYCEt4TP4CBQkIp66BA9J0Q=","FWXD8LfQq0KHnPNqBJluP8Mbx1WarYh9arPU3egtNEo=","qLrZfmhRVz+guMy60fFSlodH6+ZKBrSrlQpXBIZl/OI=","m7vbFlf718nqa1tGIIqe4e+CupElZK2FvlUOiS0xrUQ=","m6fee2M7SngS7K5Q3Uzos7lRSm+Y7rSbXpGJ+/aJwl0=","j69KTM3zt9kQJKnYnaEefUT7oDa6xzU8E/2rYSRsD90=","mMsdgdddj8EUUlX6/MNUfOGBkyvNnHGOdO4DGZ1K7jY=","mRoNQh9B/B/cRPReA/nBV3TLY5w1hs4M97vX6vYjIzY=","L1QLjzBSyfwTsHJ492r0ftNy4AqZbS17GiS99pXYrEQ=","nCnP9JalAm6dkeHfTRwpIFb76w8WK53MbiqUOB13dxU=","gj7uBn2bWRVFixe9nTHpTtQ64ctqF91SIaK34+Mzubs=","JIWlu87pC/oqN+n+hgjPPdnmxiYU7H7NptdV4It511g=","MGcfDzlh/7zU1JkhBrvJ4pe2Q3LV/WFWk2wIcVapVb0=","xxVd7ANhk8sU0TYFgg5erHc/EaSduirR0N7y81Fniz0=","98oVaY+hPDesa4bW8od1nLpgXOIonFX0wPb6z3vW2jg=","xnYt3li5BdKdAjZcdn04Wg76bXfZWDNgfsnEcKzgpSw=","qq97Jq/16KN7JSGxXPue0Q2QA4uZuVrf3kJtUzQsDh0=","+QDxt1PnJpPK58LL0I/XGgQuv5V30r7HaMtlD+hzYv0=","y3HaUsehUpDmgM8oWINjUTdy80005L8KjhnaPWo3aIs=","a7Jnhpr9zqfTBLSiw9F3KtWycBDowB0lVlok7MxigSI=","9d+gcnd4FtQNP99O/yQHBPDWfIDe5MEzsD5Xr/dCOQk=","Gw2FwnBOqyAz6aDeAgQeir26Tc/P5NoyvuccW0/aWg4=","7nAJ+nXys1/E0Ws+PyubSowdkqm2gI8CovObXG5nFZE=","zFTP43ImFGOoWdrpTWzhOOscXsxAfoA95+QPUO9MPdQ=","CZU+nbXpTUtjahpIqoX/ZyBym9LvkiCDVGtX/i54B7Q=","C8d+y8JAUfukDSgQZUDY02UxHB7h8HqRta6LpqkmXUs=","ktS245QhtRH+aMq9gM+bb5YrryRCLWweV/uMRjVdBNQ=","jewUENpaFmuV/vsncgNzuI18S620b/uW7IVbxRQe+cQ=","s0Ni0OW74zPHOTGyQ3ZTreSgyrPiW204SwINItl4N4o=","GvKf+MD7Zi7Bz0acmN5o9kq+fEMhY1p04Y/KWxJE44w=","44pQf7yvoGf3HiGfWPS5SsgoNj1ofo7RRVmW4Mqk498=","iiOiGWut+O3yxAzLvkIS+1H/9PmNbDiplv+dC9/m+Ko=","G+nn9+5fpaO9K5gnuYCPvYLOmJkGggJXqCQ4/MAW4jw=","2c5nO/fwTZv7NwXDSLv83SE+1jUf09JKa4RrjCR5Z0Y=","cFRY7mhvzxiEzrwGJ3fBl9O6UWSiUELMEaBJiYbUeFI=","BQfyfvOUxKJbZE6+DsR7jDL25CQkrs6Q1poHBj/YDI0=","RxiB+Tv9r0/5j+bfykQETmRRTMBPWNeQXm02Z5DoRcY=","qpAalfcR24TB4heWb+nrNlJmaJfx6bD5py5feJPtbOw=","2f5gLugvnWZytF7M9yVIcdCcWd5fAI23quws2algwT0=","913WIWf3qu7aytYHlW53EQqx+umVL1Xe7Xf+OszC38o=","XmnUCK+Pj73fDPsbNBpNTl9XQqf5hzwq4XoDHrXh1E8=","vyo5BHYYcjO04lm4amScvxaohRE0DmDxR6TUgvCeomw=","am7ZKHkcq63qi1Q1QKtL88jdiJEQamuhplo0BwmO+Rg=","EtV+qqUBN/rSwt6wmInPZP5zAk+klziN7W8t6HBROeg=","XVUrVIl0QmS459n6WBkkpuUUCXVPJ4N9fh8rG1C+wwo=","IeS/WfiGiQwP+fFA3r5gI1idNiMpwB31H7BFMvl1L0s=","CzQvfd7iySTPcC6XAf3jPoC3k2ZzjeYbar51ftRF/Fs=","hYtHtOfkv51t9YWo4tL3uM9nwUsNRbaIIIDDDKWJ+mM=","WZ8XlcKLOg7m9EGU+TExYX7EfzyLRBk9LjoNCIF/244=","In3/WIVhK5mVQYxYVJBIYwaKlv9LLxoPRsXHyjQSRlg=","Y/M+f9+3GtzGaHmns/VekS7Anr01LwGUDf2psFVv0+c=","iQnwlsK44iWF+EkAfKXpCPi+Domzk9iMuilslwL/30Q=","AX0NUkob66u9r+RTgICK4pcqnzcVGO2siQZSOTuCm7k=","0s2wTTsckrlsqg1rIsrBLz4U6Pe8bFVExPIe/dHgVJA=","g3zJn15z2dz0DEYStSA4dTiwVD+pJKj8BBrxkbLp5XQ=","gxN1UutZ/c+FDmt5vbqs12sww5BIJ0UjHSGLwsmyz3g=","BSuqywqNXdoPkp3gr1XwpRTvy9L2UAPopTSNCrO8U6U=","6J1I+veKUCBilpNkDbEU4Ubv1OJ3ZqeW2GczO0hqaUo=","nCXFmgzPvJSrYvduMauPjW0qmU1ZwWqd1bBV8QEFhP8=","/JUUlLGoDx8WLRcHRtvLLSZWIJuldEdlJvdFq0Hw6Lw=","o+fGUvvwQsUIPqKO/l4ejEO9eQqtr14oYqMUMSk8Oes=","zv6FFbnAqJ65DN/okpQRfFSH9K3KjGC29di/5dFbKB0=","CmMRCJ2KRaCL/MySqVr2wgNDaFjTlebcMeXNMWeNwZ8=","m5sJ5o61vF0K77KRNuhAHIDaAQOehoo8hvl1Q4UztAg=","0au3ExLxdkuSON3vDLbUSwFD2oB00z9eocBSo5o/mbA=","6Jl8qam4csTsFrEa81/jGHv90nbNeFRpVtS0EcM4Wx4=","zWRNyaqUjysYowbIJK/QOzBN6LyLzIaeyDGsFkcXSrA=","i+GgkZJ1FbKBXzSSxtt3HOnY8Oc4k7VbHJ048NkpU1I=","J+Z8ROBWGUlxMFDZmMZZr6yalAHmomiy4xqz5D5OeGQ=","8nVvw3c8AxmyAXU63LhIZ/iRqFI6G4vRizqNhu/zGMM=","8QFWmIzCPR75Dr0dm0+sFgzKziRaIm+dnxUpYnO4EjI=","3xNIQYDZO2OJ361qqOX6hiY4HJV7NZsl52hf894ZwLI=","atNgNDENCHjyWSDBN4pTtRHRXAtFS41VufzSS6pekAg=","wQUpQ7+xuRl/aUdH7a3hi91Jxetf6etRbUh2nZ/KTlI=","g/ezpjZzzrIcqYGh3HhYnHHHHc9jdvCvUgVfNZS2v6M=","nFgh7pcEso1hJOCQTGmuINkKSzn7KIgVCWLFMMEWYLQ=","W1fDezQ/1VmRiwAbg0eUrgU6L+13ezkq4nBGCY+mtx4=","Y2BjVoGbCEPqVljcc7SmKosXuiztH8/iT6CME2tFW+w=","7smrQdbCdBEtWGR4wfRXN4KKXI+PV5vZq0IhDCjpGgs=","nSf9zYYBZfejb1NzaVSGw4nkELcpqidmTC856pSQ5Zc=","F0YyVanlK3JKzphMaBJzOQIgNZdnMFeUwowTnO1twaM=","Xs6FWP8RQSs5crtgvaStE8HI6cFKdcWremiAD43jD/I=","z3vhJrSDCIR42HL1nspkQUrQbNygVyMAPQDxp5wiRcY=","llozwunAz58uSZg34qcxkehhLtajp99dLtgLyD8tqhQ=","t82H8P25Wd4chD7Z/ubKGRjzWCpk7zBNtOB9c+0q3ZQ=","EaHaOwxQ7ldMBGwwn8JuIkYCkfmFNx+Wdkd75j0otqU=","CF9iAcjZ0ljQ0jsJJxzUXKpVZBO+Lri/p3k7lUW6UHw=","9TIuU59RQXiPVhfxgWEt1vY1cANscNA3bb00TFyvXfI=","jc3/Rl6sEk15bIfTf5QcpqjfQAStlbxQFw+bhUrPyTM=","BrFPU4miY1vPCgMd0mJVTdcIJRs6Jmq9+jitAT6TyFQ=","Mq9m9HlX/9alEE8/zKxS1ybJWQ42Dh0Nny2PI4RN9C8=","QhfUkBu2syohddArrqFkw+mpF0rEr6PR41wO+XNkMb0=","BSoBM4x5zEsOl5zwSlHtsdbdXM0yaE/FJEuoRAircxY=","+N145sC0Eu5hqg93ePXHc3i6izMPt6hnZA7VJ8J46k4=","AnnhX6XUGAkVAav1bx3gWrbCmfT51yNjL4WXQbfQ83I=","luxrqp97bBjXWrot477/Up5HAX1ogIA4292D3xACwaQ=","1UX2xMH4fRjeMwFAZJ0g8LA9YZMxH+gfASIvUwQxJYM=","efDK9MATFM1q2yjNyOl98BIb03DML9i/bld0VWmEV5I=","27hG08gK2v/V09z3Gqe2lj1NlGcJKrukw/a54Tdohak=","BNe4tKmntCFpZbbOO3OOSwBW3ESioRUV1Ztlt9FSaX0=","ISqXWdhZi9Zhyg69hvToFPgkoInV0Rqw8VN02YyXuKY=","GXymMlJnHf1vHJmKcmVFjMYyXAkSefpobn8cQrEck2U=","hG586eBj3OhJ2jBcp5zpphFipcZr2SQVMZkOnNfQDyM=","tHeZ+3UleN0cfzYeCxOXHtFyZ+/vgopxG99nJEz10AY=","CU3DMXMwy4h0PAnG5bAMX/RfTyiRmyTV+aG1YHxfFp4=","T8NtLabeG9ei7UdnyNq1fwkDgt4kkK2PnruiXDvP+00=","+bDZuAZyGa4a/i8t9VkFs131IO8sejhskSfTsKtJeGw=","GE5gI19CBxX3bYs8RvaWY690PLOrA2d+/ooc6s1P9aw=","7l8ZgybaEX2STcAXMwOlbz50D2Ha/X/3hLNWKkG8Xx0=","MADLhPJN2qwReSDIKz+wc7s5jp4qa3SHCxH5IychsjU=","xuBhbHabWv+qS3pmF/s6qYY15Vm8HoNthy2DhtHCq1M=","oIjUz0vHtmPjtUkNg1N8DmZmERAfZhTLW+0ZZSyK82Q=","/HSxXLpgAT9tbjePezf90qMtIRFhYuYLJORUWaf22Tc=","C53N/vTpQy7E8odoN3OidYqKMbLpvd7RNBt6dSJCXyY=","z04OG0RdtQjWzxrPCv902PbuUwmPmGgq9nMkLrq75hg=","sdb3paE0S3qO9SGImG1q0TMD9DrB422S8WAsKVe5Aws=","zuY/64z/mlddmw7/iYpG6heOZbiGyTykja1NPktG1k4=","Wf2vGql5BGFLNu/yfR+d54VGMXIJT3ZjhGctFvF0ieg=","NiIxl0wq/m3Yt37kSwzHrr2E/1gHNCHfjyKdRadImJg=","6u/A8dmfz5yf6e0RNmBFtsPHxkh9bnrmhTr+XZyfTIg=","s1NN+izNMv4f7CXRLK6RFrBmKDKmMwn8EwPal0Br/U0=","E1vmvOsGjd1cXKcim/C9Eww2tPzq4+9c92boaXfi8yo=","JVaA3qjmFGRfYNPlZfUrURz3MzVVO21gJ29OoC8Ell0=","SUG4TxbVvJ8QGkUxY3ESD75/tgLtpMwRnRO4tg3zyLo=","UQ9gRAEdP1rjIuNdc3x+AUP+QHAtiK+Kt1Nis0CbJU0=","qq/jw6FuxwXKPlkuY5rAFx2uepMN+wu5h2PaSdn0S0E=","JASVztdYtgYyZpXJCCAhfc7PaZf2SPUcVmQX/uPLiVQ=","vPmS66QaRUtyaqH3f19B9j5Q2oupg52UN9/gV+rESMU=","ZDXndDWwP7qqd4JVS877wqD8vwzeUu7mh9xHaBmHYFI=","Nh8v/f+N004OUpegthP7cSSu0NpjpG3j1SYdwVxjf8Q=","cw2DEGau3lHvK4tPGwNP8iGXdUhz0jPTrplyM5yd5qA=","c8IT69gs4Y/9Lbn7LGFeUM9QAYepIG9GtzM7VjH+sxU=","tWKWdLxlBakaXui3OIc/4+POxXFm6fKIofJLfyPkAUc=","ykxFRLIGpiPi+O8Q7vr8ONcjPKqcDey8grsebHdePs0=","GsRuMt5zIbGjIWqakRBcV/2dbI/xl7rYo4dwqsC26VQ=","fiKH8ggV1jz5I2i5QBfx0zqCQsoGKEnfHLKbGAYmVBE=","URIlxjE6m1a+WNFHjCe9Dez6Yjj9ZizUcigu7YRX8Fo=","s4MN2HSQkj+muQaqyebbgH45E/rp6fda94LhF3/4Iuo=","RVh2pufAZ6w9e/HabqkUK4iWTUp1tUlqCaPGRgUNwdg=","zGNGbMUsCCdfpjLQl3hFOsbGB7+XV6FSPlPA4ZdpZL4=","xVwNeQReDWmsw1j24Wt+93E62LjcG2Uhk+5lQ2SBJhw=","AlQjyi4dCrDsfPfORo9v6e7qG/KQB5uoR7Q9QyGO3M4=","htuAjFd3BOm1vTbP7HjU+3RhDgYaPN7hKK90un3434E=","RLxstSm4SlwqllT2YQqGmYRMjEKVq6qDSZiGmMn+/Gs=","DouiCSOahdQazrXSm9O1tB9oTEVABDcw+fPqsPMnq7o=","BWxTG4ke5skVAixxOoehMPMYZqTJy6F/lV6t0Da6svE=","XrdTX/rvHuCx/pjmo0QZ1Pe7/dvWmapDtkjzDy/w7WU=","HoHm7aox0p8bOqbs2cM8XiujlZLkODyQ+urEp0j0OdY=","Ht7NIuhfMZ7PGp4PgVS565LwR+oFZ94asvUprMcx5+g=","UnuqiRk+X7/cCxRPHz7QTfyFkr8KZtQ7yybm6frTdRg=","3tZ8lLXT9lQZFq8mOMWVQxmFI90FCIdpsKho9ootniU=","poUbJNKYSL057GaRl7EP3w75hW8pltr2r/vrtX0Kf4c=","QpcJg63GvVBWofvecutQ9n9tYLh1gzLfs36lsCVB/+4=","cIlR6HM/Y1YZE1y8Y/lkrbb7mtYOdDTWIbLThNpWd6Q=","S9CLbG6WvSxiXuS9zxignvwjejUMEFomjApY+gYcVAo=","ErAuYrndixtAsHlWrtDGiBhPcLxPzZgo4rE+VoXlT/Y=","+oOyAGMQif3y1KY4M7ih+qR3QMurkCHxWsL5InhSpWc=","UUJsMcfKVHUCvCfARe8FcRfIVieeRuLH8Oy2H8ZmYNM=","3pYsKD0s/yHFyzaYZdZWh8P/M6t4tD7Simw1snk7UlA=","L7+T3ZW6sGXkZgbti603UmJVV52nDsheX74oFORtmkE=","AbngKtai0yJqOZYtdn1jwzhNu1N7d/G0pu0tHgzynjA=","bDLuFeMMli5TO2DiUqSugHUV4hDf0sW01H34Pvc/uBg=","WgnKdoZWGNg4sX6tBMOAbg0IyXcHbs40tAxt7Qju9jc=","jsw8nEO7yc7S7VVeRfbeo6Ezo7TJKNwd/XEaStNGh/o=","acOreahM4fXbExFJ/w3wcbe2M86CE0qP8+RwmttZTds=","4E/TpzahMJ14/87ieZ/WG3DYDom7YgRJA9B44+9rXOs=","65fK0WzGR1cr9KrXutBoUwYoJrEzIderYV4wd65UT8E=","f61s7djv3nbHo9D0nbO/rwAdscoK+Pm9rs4lFyzQIKo=","ihh/rOf+UaTyq1dunU20cRDcWYxiPwx1W3+G9EM3uPE=","beDvVNOfdFtfgmmhHrMbcD8n2n+k8BDl8F99wV+uF28=","D+ijBu08S5fAKX3SKPHMykfiFWOBXuuDgeUmEeSFvAk=","DvAMiFC3DugEEiE3rdaBIDKjKOgVZfHVKp7GUyJDQG8=","EBRrwDgmclaUrhPcjDV4uTwnrtM/u942/e5uZU3PMqk=","Xx7euP9dSSb99NjMZroNEmDV/A8J7IdMnrbx8pIroU4=","aBXjtqNJTkrhsxmFkr7tux3viNr5X9zrXSi7relAD7M=","S4phgUkmFrcOTjWN7yl+Kw8iDuBtaKq4/fyc/BCFYfI=","GrkOsHg0XXJs2hwCknZK+uuwAuUrcQROSyngfG/RiPI=","co+LYCXOD8BPKLHGvsXUksdz1NvfcnaPyZAmqfMxgok=","FlBD4pUWrFmls2mEFaFBMtOKpj4CCw+mmeliQgGONc0=","R/VlSv7sgQe99AkisliAqqMk7l69H+kCztPYBXCJlR4=","rU0SiPIK/stEX5gJ9aF0+SaSqmSp+IS4aWDgMIyqK/Q=","rjXkWJGuu6DFAYZlfa0oitZ9OXBMg2757j2hddDWlTU=","U+tPuiV+l4hFN34FuHRShVZnm8vi+EhIJhwkbUQnRtc=","mAvpsNk1mQxFKYQyN5Tswxy5EExoQUn/+OoxCZmRObw=","86zb6lj/PrOTwG+dSxpSHXk3TcR+3J8cL0B8w7G5YIA=","aSFuylE+a8U9redZc2GLRV1vZ75Is5d4nBdSz0wpnn4=","iNypf11Se3wGYQZgHJNPPpgl9OVfLH50aMYzPi4IW+Y=","u/17i8Wu2PvQGT/jUCbbFw968zNzQMDldTw8UmitXXY=","HnrMAdCW2LfeMF9VMca/0TUTabs27gbEuhPy6GIt0Io=","TzY+e0OYmsorTSZHC60a1hHtgJXxkKEeJVJLTvIL6i0=","IjHbXgfVd0tFOBSmxvyZJnMB787jFnNwSYBdNlzo7oI=","RzTXR3+M3qqkWY+j1EoAfAHeOkZke7UeKg/L9llScbM=","PfunM/U5GCUmHGK9wwn2HE+t6t8ghjA3wLUw0lBFLtU=","5v7TY6DVoI41cnoGVXDMMouCkUbkZ72+FCRCC+nc5aU=","6MkAUXbikRvycpY+97FnIcRvYXZToALb8sdT3hs5g2g=","3g/iYpC8PGqFSFNfwV6CpLUPaHuGmm6JvSvF36vieB8=","ZNSX9ecIoFauPspjunD7kuHfpFxSeY9yJGwb/42NXHQ=","kKgyLccmFSQx/y3RcbP3H+1ooUkCQLd7adyoujvxiSU=","q6AbhKEvclMBg6LjWdoo1165u2eSX8UYHUX5utk0Xzg=","5IC3MxBjZvFZJMcdE1+Fty/VIncTd/kWgYaOOWmpJjI=","Inf1D5r+wm9dSRdv3jvsaJ4b201TEQjVUR7XWHKytE8=","Kdl8uOg4QY4CfHLv2InXJvWftU5URoQDQrkuvnrs+zY=","Mxnk9gDzTOFNSGibUqHoI13yoZQMboXv828hzIXVFgs=","G7fheGreqDmvMmUqMiFww/e0SkpcUYMOjc4AXc72tAs=","YZ0nyDlXyBGVaHzoe8WXrlaTyb2VbijWRN7mb5fNwlE=","RKvL5VH74e8DRSlzIyZLdc5Zg9R/Sz8+uKTcvabfN34=","RCP/CSCUZ2OllKOfIrw0n/Ehy6f9LbByBrWMV33EUB8=","Z/A9fxJVU0eKNOcWf5ABoAxFb/WLrws8XKMZuYosv1I=","XO7Gs8lPFowbFNXQQC2F6QKuGXCqItvEWihzxQ/J/Xw=","AyXaBl29HwuDNAC3Kl2shM0T9jrQ6uh1eoy6zk0ionk=","Fpt2Cx5XTCKjIl0jS+Z8/INxPV/HO2jyHRRXaqcW75Q=","lmkEdzScHRn5KObavGCtE+bgqYVWHwHa7FGxVlSMkJw="],"block_size":4096,"path":"tuts/position.gif"},{"block_hashes":["aUC3OUbk3YTCpD75JJghx6P3XsEGeQgTMEAmq1GSS5U=","769wqw4Tc6Mo2PXkJ8Xv+oOKLPO+VMYNz/RwogYn/gc=","N3ewedWrqNyOgP6LhVFTXd3kci4WhGBCqWeuMOPmlWg=","N5xLoNa9MZmPpi1cPjGbgLHmU1/V3Ijxczqg12SbV/4=","Yp1lTbKfg49mWRJBVwcqTpHjf4X1sJHUwD4nRxXBPsc=","qqastRypke/KZsKAACfPi3RcUY35X/LSmooix104Trg=","348snhDBjywwd0U1imQr5vQhIIKHyDGwlX7R/ZEg4BE=","wf/GpzyekiY9IJXBF3PPuiLsK8J0e46Y/neldl3Co64=","suc6fGWEh0eO8PKEzicwm03yco+1uXobLEnnmmYqj7A=","qgmU8Di8Ix0DyQRDtYTprrQodnxz+oKzSfgynoT2QjU=","06IYiWz9yy6TuHN44uUx/frPsCET1nFXmSzVfB9IbE8=","4pDyLRAhs3QbJ8ijqP45q6e5Q/8wa6FdmFAsfMuaVS8=","GY0yNck2xq9tBrJ3gPTPgINjgc+Zd7NhkMSIQwEEDDA=","t9zG1mHLx4dDUVOjJh6EfjH7St2dsB5M94z7gRIm4Qo=","1rTfFTrFxY4dKfGX3mQPcLT0ziSVkfn65x07ruSXO1Y=","ambhe8ZtSn8LMRuzfyQsuehHpJSRkC2aNza0HEG9BOM=","y0x9adU4iraqsKpeFR+mXUfwVdGPLbm7gV0TIAlTZTY=","8RlKbc0ftks91VyfQ1z5qCnkarrnue9yO2xgvuVXFx8=","sYFm2tS/eFHT6/9EQKUI+yq0nPYw7qbD5BQJv9ruPxs=","V8UzSxl/vDAVjSLHXS9rxDbvx43xNO9snKJHhWOvnDs=","by98AHC4yIC6ftvRWwdmxj3N5MkQjQNVI6pyW5eXrA0=","OSm5tb09BZqQVyo+Hlf2KREeigUxplmM4ztfNbR8ZSY=","daAHToHjrG2EKn9L7GW7Jdx2PWRDyx/+pxIB7lcsvDY=","94ElJs6AYS28F2DnwX8PgLSkc/CtpewnUXBiac6bnkE=","BxMlPJRUdc9gRuKkJgbygsIkwuLdBL0GWjlsHpG/X3c=","82hUcyDD6MkekHEJqnmyzcVqsxaL97S/LQ5lvx+vPL4=","/kpo1DYF7Rd5EBktvOFGB3eAk6PoWlYXSqm+oWXC6x0=","ccGh3axL6BAS1Rva/Ncbff4krfSfWS5yScCrMGC1sKc=","txYYkz81QUpAPuETi7pbZmdr2mEBSPB4qPoUKLEJWtA=","e9OYj2ufU1DNVu7o6E8da6O3j0nyzYWFdHhmVHVN3hQ=","CbDJb5fTATT1SY0Qk+/30tK/cl8XXLIPzBYacq9ALMc=","bSXWfe9in7RuVUjlXvcDB5u6Q9lCInJgjMebTaWckyQ=","EMkBGsfTZYrSCbjI5GdBxFcux9nmA3q0TiDyyDBJobQ=","6WzqLjyZPCZ+4D65ReSMngPyJfbTenI+kYvisDUhvSE=","bDX0qz1SyBNIPN1OyxslGzrxJrda3x+mWxujcxRsy4c=","QIH1LI5+s1LC3AC0l0Vyk3TxEP8w8R+hdMjMDguuWuY=","FauzF7sfrtXZVTh1UyGfwAmGKiI7Ht+QDLrnTgdkbNc=","U1mcVv3W+HM0t67KSUzoVi1I++pkQFJxtxZg1nXvn/4=","U82fhp8cX8TGD4SJqhPS0Xq+9h3WIVKAzUeSH+WYR0c=","1IBSVfJeuAlhga8mAtmzXaKNggRN9W749APZCGiBNfs=","EwQwhQ6jhzn2GTD711hxB+RU1gs32fklwj6Tqou8jVg=","arMaaTD7t+UJGqH6owHsEr5BTxsK8+cTtDcWYK4FoPQ=","2MXwHqQOyzwd/aCf84vlFacMfU2BbwNtv6SDZTGPEcs=","OOoZoJLmboP/LMck2UW0gzJgyvTiFGH39HEr8sSA3Hw=","lJ7RLH+CwTsfXOmSVh0ZlGrXJxCMWActZoGPRC47YvA=","tgqPP1re5nrzffiwzM4sl0V7ahgj5D+ICQaZ3Q+pYIU=","x2fi+nUFHY/SnIzj3cgwktcYzwaFHDL3+xwXIslUh2Y=","GyG6LL8QwBJEOYbrWikdyBMKzWZr2JX/6IbWHtuPL0Y=","g4OS9SCNoKO1ewDx3OZttTtLg7RTiPd6roFdvYP2ZKc=","bwWEfIhctZa22zV1G/MjZ9OzfkyMBtXXp2KB0gWJ+Ic=","OWVf7eEYiYx4ZHwC4AnrMtQoEqrjxMjxysD0s6Jduds=","fJpDUNx6rBTHqiYFbtUHiqOmR6Z6w1bPhBR/HWP8xcE=","6AXGpMklld7GScp/Sydipgv8Us2JHpb/sZhB7kgulo0=","DZszaV94Qzs/8kO1lqhIJ6MWtvyBHHvJ8J+d/3QPOZs=","igm+voGyfimN9VmjKNSVr6r0SV2shg/jGfYE5LAKEec=","31KOb1+x5TLCo+9dp4IHDeg6Ayli6B2Tdgq5RcC5wU0=","A7G5AX9nxfnN4abHuGUtpxgl4u39TOey/5j28iXzT94=","KqVQ2Nfm4A0X40HttABaP9/qtHPyy1fK2i6dGMg6EA0=","8ybkojaJaikI9XD8HMuoaFkSvdHHt9LZ62kREdRi7Tc=","MkAPPvNMAnAC4cqC84FQrA/Dhqh8JOxPOU7c/zScVIs=","no+cU/ksmepUePd0Zq37zY75G+CaxzGhxvNegzoGxO8=","xs241JHUdWIGdizj91EcqRuo2zt+8ZoXPrZmrzQe/vM=","9CaCDtmNK9LO/YsFIKeqingnnchcfP9SAqJwCnMZEd4=","miQflKPBER+Inwyj7zAEHlpngUGrq7gXTS4D6q0OKl8=","HV/E9Oe8CM6q8eh6YWzdJwvIxfcImxrD7Zxixp+Yneo=","cCv0jfQur32aL/8Zt2RaNYb/DQfxtJvTEBZpcU+nzIY=","HH0ATCO4Cs6q8ppqyOEX/FmXkh4rJEztuQNaQnYlFyQ=","Ctt3uBRLFBC7OCK6VImnhD2LeUQ3W2INocQ7iB0N3LA=","6zRzeyWmFRpS3PT96HOMEVaANR//5+kmcZW0h976N+o=","Ed7cSLlhxLJD/q2uk3smyHsT6bDdFVTgrd/FvMdk+cM=","jXFOvBRj3q9FjqhzNWqiX23WzpZWtC8Mh/x9H7jmq3k=","j/YC2CzrFfWa6mMO0WaPp5+PiFfi35OJdpHgwXuq6Xo=","YOpiSrRJ8T985IWtGFktB/erJ/rjbLCkMMCHtaSB22I=","ByMwZ7VUDgrSTyb4VD5458YR8cF8LVCIbclcmg21tg0=","goiAk5ESucKqpYS/i5yhIWrcRyC4j+8aoh2RUFSxkH0=","MDUHauT+Pxqvjk7FyWAtMeae0zMg2/czU1Lhi4Wns/E=","9+zE5fj7m/Apz5sfaHZm5BeldXmGvPwINlytuXaflwc=","X4AYhOnG7YpYYooNXMMnktQP5gR34jcou8Mgx/JWhgE=","+RnPdJDbHXxbi2wMq1WHIvqKanfAdPsCbrhX39t5ykg=","nAXZJ5Y86YmqbTuXSd4F5cgnN4HRnC3OHQVvtEsw8Zw=","ZiiWkTH+8mLwVoQPK22xWHW+IBcrqz3KdHQFzbIjtwE=","w/c1sez4vGagg72uM3jXNww8iqh4FkIUS/J//OysJTU=","GcuQ4Yo5jNLs0y+I94wuYnNqnL4isntHEfGd+5YtoT0=","uj4vbH2YimV5kI5dPz/dwjtJKyeH4NBMcKdYB2Kcbw8=","vrQlS2RTNDvzd7inlx6eHS21/kohagGEh8CdNHXQb8o=","hxJzPgbyEIroqgyWOuaTJmUNnKRCqBpOtnLfGgLDWog=","+GXIMhHc8Gagfp1/+hKh9DVwmx8x3VoCSDWxvhktbTQ=","s/SGwqhB3yzmqZQgN5szebZw6tMXPoysdIvNuCmMPyA=","zBdOCLANWLU1tOKHIBGpskjMz/N+9VIYhilXB8lDg1g=","PqgOUHhlWjbBGkv5nG9zwG74Tashceandlkw2RYiWXM=","6014cYAHgEUgJJzEQYVDe1zSnc+AnO4bUKMgUuPZpi8=","ayqSFsKrTYQA6wc6jiMmC2Z9dfwirolHB5vlVz8tcZA=","ZWBgEZQyG1oKXHAmX0Z6TDjhO5CY+7l8spSTVvnQ4h0=","LSAW0Q2lNTVNYH5jKw0zLUNHJwV8laxPDzqag0zLjLY=","wEauF9JCRApR7+z1tS+/5IClz1qE/d9XxAuPlyTp2Sg=","cVhSUQ4ab3SBRxM99JuTrOaxz9rlrRmSthCmFBtyfXY=","MPHme6t/DeJofEbtbTHBEHoabiIxXA5Iy0U+KHUveFg=","ILlM3A7svISTdvVf1dOSlQNtVf3Ktd5+OtBbz77qyZo=","PM7IhONVM2raQUrhXV5npGkUiTQUcRjasW2/T4RS+tU=","PcxkH3GZmKZmajAmJPu6pR+ZPLvVFuD53gukr1WXqIY=","i/z7wHaF3f5aB4vrDRUFZDX4art+bgc77k8zzsJ3kc0=","r2PQgcECcWAvGbx17fB9r3XNGtxEWUJmklHoJhxwmzQ=","ztDEMIVYqzqEusTBFRgOJ2h5fAtHEUVq0E3ProIZC/A=","iwET0xNMKEYIYgLyRab0ASHEedo1RbgQdrVl8+3qGC8=","RWd2sRG9a6NcqiPDWsHbFMTrn8iwV9Hx2We7WvI0oD0=","TDF8g7n3R5KiCQAhg9U4BH19xkg0Bi0HuT+By0WYamw=","ZSnh0jemz+w/l2K+0fit32VVnk10IPs1XLyQIBv8hKU=","8O7A9suRbSYq2dHy7MsqJNcdaDzpe7AaKdk4J0q1ZGg=","ymvfqnBYiwVea4wsoCussfHdWvcMbBU9gwMMw0P3j6c=","0E/HmLgHm6Vgqj1R6gEDhN596v2+2ZPzpzz1DRHQgSk=","fYLnKIC3EUDHElKM9JSNChPzRl0rDbK8gwxuRRDeIQI=","xg9wF3212rl9f8eghjodkWiasyf7HDHXB3oFW8tOSsM=","oHS52X6fZ5XMVdJnyQLySDui6u/5aDFCo2H8+q3cXW0=","+wKNUoP8LQGdnaDPqzU+wjWlYaBvHlbrAKJ/G94aEh4=","JR14CSdnHLjk/dFGsP7peYdK+fuupIbH39UmeJueBbQ=","TNpJ/ilgRcJ5Vkq9MVdeX6PlQZQ2anLjRo4e4psI/b8=","/p/mGZSZkGUUrPyvRANvTcyFxa03EYblDWqaHTcrOrk=","dI30KFB8MvPF6JeTazzQRAgHpKU5gVRv+66U7YO95rY=","rnlLluI7AQoL9CvWZTsrPjYJbiH2NJ7bfQlTk62Ldw0=","NuHwvOzIX0qv01XF/LOFD8hBAb+QbjHHs7Q1nxkl3wk=","37+YiauGBlpigpKXT7Zq/1hHrmNVi6wAS7My8slvba0=","LK1butNYSMAs+Ler3kndTYJCRndBtFkl51n4zs4Swvg=","FEreGPRWpGwMXDrykZxFmhXv3ciI2Nu+15uyRHH68hk=","LhoZMW60HEDnHMYaib3UGuoyZZpqJXFNzoOTAtUNKt4=","B37pnVXbulCVi41iboOYIvlGuok1SkifILhrUQkXZ6A=","S7E/u8kjjdE2KVtdL0r779S6HdjSvMzOTgKBMXNDCak=","Q5GSnIsgG+Wh0B5vnJ6+NsbPoLzSDstihil4Nmf/CiY=","EH+ueHXYHdrZwuaBBv6NwfMdvczVOsh07vR6FY0u+cI=","/w4voAmLrmn6hyFkDiZcBN5fm0zwx5R1HWd7MSgHlcQ=","CkgxCb3RwWlJOPUapWqumAuWm327jciBUzSzHNMgfCY=","0up1Brk8+QQIVUWsZZxNTw5ksSrDYfQwYpRqCSIQ1/k=","05l274iWhBJYtca9/lpnfBcZzKjfxP/zqeic0JWoFH4=","yq5zii9pE80Uro+kRri69XoN25hw+qxUilzAR8RJfLY=","FkM9hqFkNS6l6EFTVC3uuK66zdU51ODDG0j7i1bUpc4=","48/86V5AWYM7yPH8Qt+jkFzlTKdEC1zYi2BxxiouYOQ=","MHcjQOS1Hy5xIbMaERVseeFMUYgKFchNtflNF92gkv8=","kh+9JahX7Sfkwozoay2YHfaRU+NSOrTixlXyW3NcDnQ=","xmR2pbdN8+SvfzXpGI8aIa62GxvWBkjPhvbeQcPvoNw=","es5sqiywUo1CKkb1Cw+sYbFvgN9A16Oie5iI+BUwjdw=","5RjXyWLT0tf+MhFaIUk4cl5xLA7rhjw6XnYp8VvGTfA=","aU/dCR3+c5rQXpG9AjZMEvCkp6VlH4S8tuRMqDb7+Yo="],"block_size":4096,"path":"tuts/search.gif"},{"block_hashes":["f3Sn5R81yZt+ZQzf5ugtrSqZPbyywJyMxYr+9KhH9Lo=","mtLm0ELGat/RC/1HX/Mao3AspjclR0TCz3bxcPHOrEM=","oouDllmz1AKa8KBL72YBSCN3lf2REX0g9/XmlgirhP8=","Br5a52jhyE8zJBYlrQ8mW7H+2mw/iP7myK/2/DE3Lno=","CFvO0q73C56Lr5hiS8BAVd5O+gypEAZMqRaVLYO0vSc=","N8EEVhk31XGMy3yrP/c0JP7HTRGhqfXcF/XM0E2IOyU=","OITjlBhdKUouyBiZmT0KScQoxQLF+yE8j7HafLs1DL4=","rtzAXIFB28mNXKe/GGW8NoDAseUyGEJOQDhPRFPrBqQ=","ej4KEjzspStHK2iJBNkm+n0SvcUiaFJj23wdc+xRmX0=","Hllj+xNcF9R0o32SVL+c5YHhaTf+Vbr5tRedv++N00Y=","TwVj5L/xHWqj9K1iYqykON0H7Rmq710Qo8r4QmRVDus=","ISZ0H7O61+6QUwoZjPWdL19SMPVWtTPs7WY44ybrKfw=","Z9NKiRlWH/B5Jdmq0vyogrTmTcNs8BjZeJPXrHtCmGg=","XusHuf5qx1jnsU7OFfsR+DdCylMd4vhEQ1zUM2CJuqE=","TswDxQGAiTE5iWJQuciCaCS3bZzvC/tg6tE0pj9fRUo=","ZSDXq11Oby5uWURgnA3ErWfXsSv52ZiAYr+5BB/JBOM=","Cx7TXwJVQ64XxLJjnFVoNdMrF6L5LZaLzW+Skg2+iVM=","n4MZaFRZYpXYW+FVdIw5IMcHakTfO+cE6ICMbbfyefk=","8rh53QZ7l2woaZy6Mo6VLyV6IbrMk1j/2dvFq6s0hfk=","uZIU7DEDM3QwNsRqSthcJbKnewZAYjkIuXM2YxczDh8=","QHmK6G7/A5P9WmMsCDaHZPk+rb59A06+fizmuZwr4Yo=","hwtE4a70Z+KhcSD1M0U1SIoYuRG/cuK+wUTQ7FSDuJo=","aeeAHvPxeQ8sJlXFGlGru1kUR9lNyGXbQ8aqbyZtESI=","sH04tQhIRIfqKrnjTP4a7x3hvhHpip2V/SULrSRBmLw=","siZB4OrWVM54I0oFrcT6EDHeuHafZU/idIQE2Q6+j6k=","EIlTUtF+7f02NTD6mHXEzOt1BJjsBUSWIJn4VxzCVTs=","SjseICaqHg8NuZTRKk9c5qtoYcGbS6Q9swHmVGlUcYE=","Ervklluat5oB9slaG6cmbEj4F7qaDvbO7tAbSSl1+T4=","3RfZdAcepizxrf6NC5apZuY0C0ITTbKvUFdhVCoe/2c=","aM91qRZuVyi6ZtMNEPb9laX0MPj66K3K2A66++XIMFA=","SZJSytpjR9/SssvctgY6OuIwXRCV6788E3Pu8LbZSuw=","wGd5yQkVVu/Qi02EdGC7oHLKOrBq2UY+jvOgyTtRIh8=","P+zYWxzyF1abDIbaF62XSKlAcPg84KXcnpENO/XkYlo=","HjHy8Bb5itGZcqTfJx7HWHp1Jnbo/qbI+NoZna7zu7Q=","TbAFwy5rM7IUJD2esvKQWaXQgOoSs+kb/uZ9QoCl/iA=","wBcRsazwq44HbhxCYKNzA/PzObCztmJwuIqUg+etkD0=","Gtm9Db0ppTtgrCoYIU3AeS3n7LRRiP1DjFjWLjI+zSg=","LjidmmC0j8WcDvxYGVghZr/0GwERI6YbuXS3fDtT94M=","pkaj2IzwVMzT54Pu7dfwf2Vabtdkim3x9avZ3+FJXVI=","6B4JmP5nAEsMNAGAh7BpGKshq+XXSwNpLmrZdKvh9Gg=","Y6CDAfLCxsiLStkjEezwE9a6756clDMdr4am2TP3H4U=","wmz77uM07iz6CgiUTRsNUuDdMEFyge7s0QNK3/471rI=","N3Myr4llrTBcuDLBbVkzMp7F0f/iWXsZkAay1nrRm2s=","nTWBjNAOuo4w+XOuFEAtyk5OT43Xnh8ZxENVg/s9tw8=","cCkgQ9ks3+hre7LVcjXWHb36ukAVJMfd+z7kXKQoEbo=","PDvmtbCs75CPLNLGhqFBuPSgdmhOtC5c25vedBN2bWI=","0k3Vexzvv2iTPBfJ1hQEbH950b90QHD4FGjpIjdDFsM=","CU4RwqYvNDAm+4w6LJA1b+KfrU8G2uVMckPIBtAjmzU=","FhPSVcaYMChPyym79fWkcewizf0CbAd+lsA1sLq/Z8w=","QSSufvE5K9uacqwwGHQ6JHJS11cP8oCKbz7M6P+3AkE=","hwgb5JOxZxBGLDJvbj3ZPuOgID6dQFcCpDyexUQ7wns=","dqSW3VEUtgDmCGuK9FgI5t59/muuAqVspRQG46kHo7U=","wq5yAiuUWstSFYIsouHfkPFEdQDL+cdjlk4nw+Na7Vo=","j4sGrnipCZ2JyhYcRhdU5YMFSlirfssbYrnkoJcYAZA=","Wi4QA9WkvMiY1S+kwE/oatpxoGf3U9Ts8pgU7Woi4/c=","bHXAApkwLsEadbI59oDdnDIlggreJDD4/YeybGPdrFE=","XUynDpmnt9krPmS/7UaYGQCarNaPp18s/Uc6uT2F/qk=","pugdcBmoXzKmFKz+QGoZPqWx8261mSPaCxBewsZlrwc=","ru6+LGeiGqn3rA9COxHQN8A39QOnflb+8gIgnKtSk2U=","ZEZrxb5QC/qTkF0FyWTadc2pXTqO2skwAInUFTyblhI=","EP4vCcVzSgjzTj7GAACKAz7OrCGKqBzHCNEYsPUN98g=","oUDA+Jxo1N+7U7yU6Oxv8slVG+w1iwpNnpp5CwXWSsY=","8bFsmyQodkXA0vIpvwMShISq3RxceSA0q95INasP8Mo=","Jod+O2Frv/0kdg/KECUQDaPuAca0qtHVOXSLWZUEYts=","bRJQkDYZHqtD7T6tikWJJLkK5OUX33atLnlbEPJQnVs=","fRd4dV5io/ARr8t25ZFuLercyhF+NAcf67G8Nvqb24c=","jAj+bspzFj6Vho3TKVrDmYlHLUMtcS6qD/gm0Mfaqww=","CvqgvKhe8M677kfc60pyXPR6S1t7ung9jeOGG97yz7c=","6rrX9+7Ois+Z0vzhEiyiIFgHOUWhdGE+GxGCNogoDzA=","S96TRODBmS4uw+2PwgR6l+uhXqIDEFt4fIcp64REyBA=","doLuEr4EGRDIg/S+VIPx1QSQwynkt23snn6IWMF4M0Y=","QUE90rHt46a8C82+Kjm9gdIe+QhugnkuDvqNVA2JQO4=","iJLrJDfyQ7PlWmdgY/f6+T6Lgmh2u5G9gs403VZ9sVM=","c/lecGcDgC1xQViW97ruVsMuXFASfEKNVQdMiO9dGPQ=","M01SMS5o1z1EtYyIgzzUVYeLmdVfCUd/YaXWBVr+E94=","RybtdSXOQ/xZ/4sCAnTIy+fQaxMI9GM+m8hyES3Wmhg=","0po/vQ4BY885OUAbh1ZChFnKGv07BIXV5CynsQGWOTY=","AZ/J6zRodlUPpOpAwpyWDcJ8XyRHYMNJr+ZzCuXreUA=","3t/zXh5spmAkJPAD6JIdvL/pfgsXn9CrjuMyih7Vf5E=","f4YpqygxbJZaUE0W10t+DWokz8IkUlTLxO4HPUp8fX4=","2AiaNxucf+hrPHWRG0Hc0bHo0/cyWZnbOsGgcFlYSyc=","KZJXftah0sr4QcKz8WsC80udPomBzeOXg6niRfgvlGU=","2mRRjT/6/Pdx/AiM/nOMAFsrq2jUKqDgeEFwXp8WXHI=","uEQrV2NcRrZMZ6thZmiq2PO5wxPCHBRx5UbMYaKUnF4=","XDuxIDZnxLI/WG0iqCGC359SlXI7HdvyofN5ndiOGL4=","BWYgBa2/kQscOMe38OtGbgDPzLNoOAfdBr/ntvi68Ps=","T2vEX4S1/cnKP5oCXkpjAhr0akgoKO3V8rye0Ckd4gM=","xSQm2tr/S3djY7/zAZC42rzOothntYtvjalkZyT+QZY=","zNvDjYFh//wJd3yytCyeoBG851vPHZ2++7S0AJcXgD8=","4ESGlHCb4rK0sKdORLAKnW3P9/maQnvL+AaDsoJnhlo=","V9hMtr8opWqQCVYt/0wnfo2nyVQvkj5BiDspgczcCpQ=","b1Ssao/Tbf8SiDdjbtuvYBB6qIiD8wmbxXTrWg9/Bec=","UTy9DfxGX6iReFeqv2JsR7reBUQPv2wzvhR0XjGUmwM=","zt1h4gWW/roxAT0lUOaK7lb/AECc+FK0V450yeisPHs=","zmFXbeUiWZJzI/iCWSFsm4PzFV4YbRNpWZ/OdsADeVo=","CVlzfqtWv6Oojj2W82FV7y9snBlKLoMXPhrIMn6Om0Q=","4Jv5PDfj+VHeVvY3UpFbJ6hCaGDuFt8sCdULjmvIBX0=","MT7Uk20Qad1LjJaF7lLEmCFT3wENr9b7avsvNuLcbZw=","qMKr7c9U2Zsszxwd2FyrWE2Mcj/oUlWAKEIkcW7iEow=","GLJBfScaWk3KlNpVeRmz6vAT3K7WlHq/G9Bsw2cc3nk=","rFlpZ8D2JsY72LpVI51CCDhPWN9wLgv5KtPac9iJVBs=","EXMEs+qKnmzs/7N3ng1ioq4BdQObAqp+3q0vtWhM28U=","4l8eIcBqE/IsyIzGc++3XYgyikqsFYSmxbf8/SaKqtk=","HphvPBiZ2E8OPFtfD/SMnX29++gqFlpCeslzlOK3lFM=","Eiz1gaMHhcf3TOxhZK1FYXqL7rrUoTdkbs6YBzFtp3s=","XTMd4XYu2VrOL3fTUzpuS+477jkMqEj289jQvTwD9Kw=","YA1ZsXz96DANEPHXY2UmjB3uAeaCbUZi2JOihIdkvAI=","GkPrbfJlsTgvrvwcZ8s5Ls4fr2nVSL6axsN8Eq0OEHw=","kvyIHaLkPPljcRyYlkYMCOddhznYAF7Yl3V9F8+sl1U=","rCMudgkPng+vadg+63OKJJQ9BqLFeHzHEkaTlSV4C7Y=","nNVfBh2Srgym6Et+u3+WXqwwhYN2V0UGI/NyxtF9www=","bzbAeLUnGjaBujggFOYhuBj8CGLn83vNWL8FMVlPSIc=","Jn6E9dp565yapVjUJajDBpthUIvYNAj9EmdaKMRbMac=","y+KkF/LuBJqLU8RMSTm4KeatMed4I7jMHfCjD456o88=","euLHM3V4DyFDjIzEJbNG2TScHmzCCqOZc62i42n/4sI=","Ez4fzqetQcMImuDWOFZ8UjI7PrJ+nMYaQli8Qhzrmac=","wLY7EWB54Y2vKUnJMyiIXjmXExbPEKG9YdY6a/4jGUQ=","FKhM4Xj5LA3tOzoA8D8ZfPjfgN2ZFdMOjpU0fyD21SA=","YOz+5n64AKsZVuoXSdymH8Id+KEPrHbaRAmqG0GSuwM=","LNgVni1V+z6xJaTn2Ryd76ic9t6CPUX+xejCsDsn2Us=","L8583i+ET5FF5JtETtCp6h28PabrJHRaY8wpYpzqllc=","lWtvbybImnU+XeXMK+XXPpZOBqN2X13HUK494MFXcyw=","RiK7B4AQEcZ+a7//Qx+MtYdJZ8vJu56m3p6vPYD8DtY=","neDDMfjB2nKkzaiUfGiqvtF+DQZR6hNO+Rq/XbkUvYA=","IHRWVrS7zcw6AXUgT5xC+TiUAeUzf7JhZsWmkPd5YV8=","BO2twO3mQ8jpnwxU0L/KRXUsf1nzDlJtlpy5uzsTRJI=","Vd/Ua+B+MPcuU/UHMZ+qGppwfNekigPhQgUPQftFNkU=","CH7Ee/6nQhPZmfVM7ifrtGlJwKs0ZhaK7xsJuy9o/7s=","VsvxZgIPTp9Ho8bI3HY0A90u3nbRoOA6+8mOM8ZtT+M=","NkRB2dnhLKbp67IH0m5luZR94WBaudSIr9KJ+H0dxPc=","dc2RoQmxS07V76FN7EyFXN7vJCo14OZmdoQKLRMaQLg=","6qgFxT4OOwYgv/iwXad5+l4/ywr49NaY+J/t46ni+7w=","huFOyjTRl9mpRnkoz8r7KeR9PIris3fVXfHNQYtdzPU=","9UEG1/k/uImYY/X0Z8I+ABejGd4hahBvFEsAH1WsjAo=","E4MQgglKfh2yEUrSxVRw82yrRT7VycmtGP6b9hWdBDA=","Q3oGglJG/u3gaYnZew09y8mLVzrjLzie1snm9N1I4k8=","3CIDufwAVZM/ULkF/MDx6uOC9yXbxOB2rynP/hx9+kk=","jdIGMwe66dqDVExvJx+RLr7Y/JGBnmAXzo2mc0fJjQY=","rqPrR9QbdmXIHSFfPZMno4zFc6I9QMxegcupE27Vfms=","pwVrIkXpUKX52bYRmKFoglcOMJsmhPAcxogqvoeaP40=","0mpA/1CF5/UKVwxA1Caq8I9QPpuCFdceXxbZIawrCvc=","zzq/Gb3s3cOlC0cUfH6sFKzXEpZsy7ZCk4Tb8DqfZa8=","BYim8Rnw9YFKVO6c0IBB7zSiiuAr8uNLUtJNuIvbpck=","MhUyyb1TEzZG4IAHaDpS8vWsLFkc0rvsRlSBY9KW6SE=","lgZ3Id7QmGCCFu7R4nh7eEC/AISK+tiPLm2Dy0cUiQg=","kIf/B/xeztS2abIQ+/7qXigtaWUF1jneSqCPLajuSSU=","+xh4k7zdrPmOIBOtbMrRlmTFpgn69ieEw+HahUHfLQA=","WRudfkcWfAiiiNVZWSstamxD+v0CR+EissHF6Ept4rY=","VrnnsCIVR1bgrPvfrlVgrl33XIG8Zfdp/fuvPsTd90g=","djAX2oUoUx5akAv+gBFhKqQ/OUM9h9cbBn5QVlzWJeU=","/y3oS74gfO+oqLz14S4EkkwMmdQOnzQNBuHEzAz24cQ=","EYIOYnC6X2wBSQV6GEieZQ3mTOBct9gayCOW0D1sAaM=","KMDQqZuxNyM3NhajT3AXe1TmWUSQ2581qnyt5SyvJF8=","qVfDtCzEpcA1jz59uYYSsDGj+YSWDmu1ivyqfpbKDqk=","vnYKuxtAmqRlK7NcmeZYNDzgz4Kt7Ob5LD/tIhE39go=","dZK/XG3F0yMKaNvd5m/y8sMKjL0kovuXoGeJIIEU7Us=","3f+3KdiXf5bjPO+v/030S2aob2MTxZaE5ZH1Tpaz5bM=","tBFsSj5zja/Ir2qCNiRuECLX+KZfQfQ6fdkpV1I7nnc=","3iZW0+b4YGOzQX22Bo3//7Ko3dc45zAyHBoqKKvlsGs=","eJQa6rD8vNdUhuZ34T4XzflLOYzEqFuFlYFmkQnTZ2c=","R0vgzaTPFTTK0w4w3q1wo/lSqbY2V/STeWpOEU7TAXE=","yjmrsrWnriRz6HPPhsljTorJFvd6zfIsu6V2Ka0mB3E=","4cKVPnxJBaepofa8HgQGo0R/6gORSgM+92vo5eMNxfE=","udCiPmoP9SsQ/aX5qmoT5kAXnCFFzsuj6bMgAM2lqgs=","Qbi51XV9Lj5q+eEfmC8Jd7OoL1uxPBAVd4+9B/zgoaQ=","FQs13sF/WawwDiKnoLnaxtOI9SceI0anZt2x8Tpe8Ts=","8vVjSBrGfVOeBLTFWAVC7Q3MJdtwJO44RJojVLBXsVQ=","9KP6wCQzZ2SUVfzfl9Xz8lKBj976zF37A0e4gWS1j2s=","KyCnyUT/yeKLFaWftvVITkvYBTzsQIKihIy2XEyasmU=","DqZFkg4MzZ6fjXfjKTrBzL/e8Vm2w86m7PwIE2OPv94=","gh04xhjzS/9itHhShLFbhTzrW7X2pV/P1P7LgJsKrjg=","/A6JmCW9mtKs1WDLqz2uEFN1d8onhF7GZPH3PpjVyFg=","LXTRO1AFpCFN/RZpXKQjm7EFn053i2/fMjfJ60SCR5k=","kqXqzGRj+y4Qm+fq2PWbZ+9JghSDStRVoJ4MW6k2Xs8="],"block_size":4096,"path":"tuts/text.gif"},{"block_hashes":["3MubNmFUgo2AJYuBeUGTsU4GRoUS8qarEdczV94wjoM="],"block_size":4096,"path":"visbug.js"}],"version":2}