{"file_hashes":[{"block_hashes":["BA8HWkvmoBi4xXBwEfv5FKSovD3zuP+yIc41p0NpXC4="],"block_size":4096,"path":"devtools_page/index.html"},{"block_hashes":["RoOgNhc9Vmwiarh4nLcUgzdgaVGE+xUEXA/TXI+EZVE="],"block_size":4096,"path":"devtools_page/main.js"},{"block_hashes":["g41328jfymnMXh2YMlbE4lxgS6eT5+0PRsYemEF9yUg="],"block_size":4096,"path":"devtools_page/z-index/index.html"},{"block_hashes":["C3Bp3rfYibzVc5/5bsSiKVeQz2HrWasJZR6AMuQgKcw="],"block_size":4096,"path":"devtools_page/z-index/main.css"},{"block_hashes":["RlhYdXuUrA5B8vgx6iWQ0sO9QHy7wJeTWqvae4UOHvU="],"block_size":4096,"path":"devtools_page/z-index/main.js"},{"block_hashes":["F/KMX8lFF309p5kWu8RvpOlfTleeqI15Ycyd0GHRYR8="],"block_size":4096,"path":"devtools_page/z-index/ZRankingTableUI.js"},{"block_hashes":["ISpD0L/H55pmtPEiDP+df5BkfQd7iUSroFDgpQ42CcA=","Gvz26mL68pvSvrw9EgFkZW6xJjwG5ePfLBxZJl8DZpI=","VxqztRAV18lQg6zVmglAm646X9FxL0SLByCGFtQ5SmI="],"block_size":4096,"path":"vendor/webextension-polyfill/browser-polyfill.min.js"}],"version":2}